id,name,rollNo,email,phone,gender,age,department,year,section,cgpa,address,city,state,country
1,Jessie Towne,ROLL1001,Lilly.Altenwerth@hotmail.com,728-933-6303,Other,23,CIVIL,3,D,6.79,18995 Laurie Pike,East Berniemouth,Vermont,India
2,Krystal Kreiger,ROLL1002,Irma_Feil@yahoo.com,236-788-9228 x6994,Female,19,EEE,4,D,6.05,90926 Bernhard Garden,Crawfordfort,Pennsylvania,India
3,Miss Tasha Abshire,ROLL1003,Alan0@yahoo.com,287.839.6208,Other,18,MECH,1,B,9.22,48648 O'Keefe Circle,North Stanton,Michigan,India
4,Joy Bednar I,ROLL1004,Marcus_Murazik@hotmail.com,784.686.5877 x8455,Other,18,ECE,4,D,9.62,44044 E Central Avenue,South Eliasside,Wyoming,India
5,Marianne Rice,ROLL1005,Elbert28@yahoo.com,308.452.2110 x058,Female,18,ECE,3,D,6.36,21046 Golden Corners,Predovicville,Nebraska,India
6,Stanley Crona,ROLL1006,Lauryn.Bernhard@gmail.com,(627) 921-2549 x69634,Other,24,ECE,3,B,7.44,5468 Market Street,Littlefort,Virginia,India
7,Robert Hammes,ROLL1007,Sandy.Herman@hotmail.com,(985) 628-7613,Other,24,EEE,3,C,8.21,37911 Post Road,Skylafort,Michigan,India
8,Miriam Robel,ROLL1008,Raoul0@gmail.com,1-401-743-6647 x2065,Female,18,IT,4,B,6.43,9956 Airport Road,Lake Angelica,Iowa,India
9,Ms. Deanna Prohaska,ROLL1009,Dewayne.Klocko3@hotmail.com,626-469-7708 x2909,Other,21,CIVIL,1,D,5.72,592 Koss Greens,East Burniceside,Colorado,India
10,Mr. Tracy Strosin,ROLL1010,Jalyn61@hotmail.com,799-454-8776 x7275,Female,20,ECE,4,B,7.10,3061 Kshlerin Plain,Redwood City,Indiana,India
11,Deborah Breitenberg,ROLL1011,Isabelle.Casper95@yahoo.com,(370) 480-2913 x063,Other,19,ECE,4,A,8.10,353 Macejkovic Coves,Skilesborough,Arkansas,India
12,Kathryn Weissnat,ROLL1012,Dino.Hauck60@hotmail.com,1-578-868-3344 x740,Other,19,CIVIL,1,D,9.39,5606 Ash Street,New Ruben,Wisconsin,India
13,Mable Thiel,ROLL1013,Manuel.Frami@yahoo.com,980.494.4945,Other,20,ECE,2,B,9.50,65730 Collier Estate,Dibberthaven,New Jersey,India
14,Tara Deckow,ROLL1014,Estelle80@yahoo.com,574-805-2653 x383,Male,25,CSE,2,B,7.47,302 Salisbury Road,Fort Laura,Arkansas,India
15,Ollie Welch,ROLL1015,Bernie.Windler@yahoo.com,686-524-9239 x59468,Male,18,IT,1,B,8.44,34835 Constantin Dam,Simonisboro,Illinois,India
16,Donald Schroeder,ROLL1016,Hailie21@yahoo.com,(793) 943-4760,Female,23,CSE,2,C,7.80,206 Cedar Road,North Gaetano,Florida,India
17,Randal DuBuque,ROLL1017,Kristy.Huel54@hotmail.com,1-345-245-8763 x4813,Female,21,ECE,2,C,9.38,117 Gutkowski Shoals,Marvinland,Maine,India
18,Willis Herzog,ROLL1018,Abelardo_Corkery37@gmail.com,889.426.9215 x836,Female,18,CSE,2,A,7.13,415 Fore Street,Lake Garrisonhaven,West Virginia,India
19,Elbert Klocko,ROLL1019,Shany.Bechtelar@yahoo.com,481.287.9132,Other,22,CSE,2,D,8.75,87667 Anika Mews,West Dariana,Michigan,India
20,Jon Hirthe,ROLL1020,Abby83@yahoo.com,647.918.5417 x0629,Male,18,ECE,3,C,6.94,956 Paolo Courts,Buffalo Grove,Utah,India
21,Harry Dibbert,ROLL1021,Lucious.Leffler@yahoo.com,906-982-6468,Male,22,EEE,3,C,5.86,568 Mill Lane,Sallyberg,Wisconsin,India
22,Rudolph Lynch,ROLL1022,Simone8@hotmail.com,1-803-396-7408 x6635,Female,18,ECE,3,D,6.99,715 Ciara Rapids,Wyoming,South Dakota,India
23,Douglas Bailey,ROLL1023,Porter.Simonis@gmail.com,(976) 797-5580 x399,Female,20,ECE,1,D,5.12,5195 Durgan Light,Bertfort,Nebraska,India
24,Sophie Hansen,ROLL1024,Louie.Hansen54@yahoo.com,(877) 706-3889,Female,18,MECH,1,D,9.19,3606 Reilly Circles,Fort Alvenaport,Nevada,India
25,Ramiro Gutkowski,ROLL1025,Jermain66@hotmail.com,981-525-9583 x58702,Male,18,EEE,4,B,7.50,7686 Hintz Neck,Lake Maximillianchester,Utah,India
26,Beulah Rau,ROLL1026,Lafayette.Tromp@gmail.com,1-651-705-2213,Male,22,CSE,3,B,6.92,331 Brisa Centers,Waelchihaven,Indiana,India
27,Rex Sporer-Tremblay,ROLL1027,Audrey.Hackett@hotmail.com,774-284-8827 x9472,Female,20,IT,2,D,6.43,567 Cora Wells,East Eliasshire,Alabama,India
28,Erika Labadie-Schneider,ROLL1028,Trudie5@gmail.com,1-281-508-8950,Male,20,MECH,4,D,9.17,1289 Pacocha Course,Fort Alanna,Alaska,India
29,Carrie Padberg,ROLL1029,Lester.Mann63@gmail.com,732.219.2438 x3139,Female,23,CSE,2,A,6.72,24486 S Division Street,Arianeside,Vermont,India
30,Lamar Lang,ROLL1030,Lorenza39@yahoo.com,1-914-509-7316 x42198,Male,21,MECH,4,C,9.54,19683 Kohler Lake,Lake Vanessastad,Kansas,India
31,Abel Ullrich,ROLL1031,Myah.Hartmann@yahoo.com,1-290-626-8438 x6180,Male,25,MECH,2,D,6.63,360 Pfannerstill Summit,Blacksburg,New Hampshire,India
32,Roger Marvin DVM,ROLL1032,Gabrielle_Heathcote44@yahoo.com,463-343-0875,Other,18,CIVIL,4,D,7.53,5517 Derwent Close,Greenholtmouth,Connecticut,India
33,Hubert Upton,ROLL1033,Imogene.Bauch22@gmail.com,1-633-259-0224 x638,Female,18,ECE,4,B,5.39,500 Fairfield Road,Missoula,North Dakota,India
34,Elsie Cummerata-Keeling,ROLL1034,Florine.Jacobi@hotmail.com,320-867-1799,Female,20,ECE,3,B,5.80,399 Purdy Inlet,Youngstown,North Dakota,India
35,Eileen Prosacco,ROLL1035,Garry.Kunde@gmail.com,(666) 895-3121,Female,18,CSE,2,A,5.42,9834 Frontage Road,New Ethanfort,Kansas,India
36,Natalie Doyle,ROLL1036,Emil_Rosenbaum@yahoo.com,551-968-7130,Other,21,CSE,2,B,9.68,28564 Glebe Close,Oshkosh,Arizona,India
37,Alicia Jast,ROLL1037,Verona.OHara@hotmail.com,1-876-774-2331 x44531,Other,19,ECE,2,D,7.82,5912 E Washington Street,Elizaton,Florida,India
38,Roy Champlin PhD,ROLL1038,Celia_Pouros@yahoo.com,(991) 275-5554 x8912,Other,22,CIVIL,2,C,7.57,9726 Kenyatta Trace,National City,Indiana,India
39,Meghan Johnston,ROLL1039,Gianni.Quigley@hotmail.com,(520) 698-8459 x834,Other,18,IT,1,A,9.10,860 Miller Flats,Fort Grace,Alabama,India
40,Colleen Batz,ROLL1040,Nels.Russel@yahoo.com,302.992.1042 x45507,Female,24,CIVIL,2,B,8.13,14321 Kavon Bridge,Bernhardfort,Mississippi,India
41,Andres Stehr,ROLL1041,Walker.Jenkins94@yahoo.com,1-896-204-6696 x245,Male,18,CSE,1,A,9.95,9052 Lansdowne Road,Arielville,Connecticut,India
42,Laurence Lehner,ROLL1042,Grayson.Lindgren@hotmail.com,450-365-9856 x1531,Other,23,MECH,4,B,9.67,6327 S East Street,Hamillview,Maine,India
43,Ralph White,ROLL1043,Charlotte_OKon50@yahoo.com,(563) 519-7012 x49942,Other,22,CSE,2,A,6.31,712 Anderson Haven,West Coryfort,Georgia,India
44,Andres Torp,ROLL1044,Dalton_McKenzie@yahoo.com,511.563.7763 x095,Male,24,ECE,3,C,8.12,6371 Baumbach Points,Viviannechester,Arizona,India
45,Roderick Harris,ROLL1045,Dana_Ebert-Konopelski@gmail.com,758-355-7121 x18003,Other,23,IT,1,D,9.02,513 Gerlach Curve,West Nadia,New Hampshire,India
46,Kerry MacGyver,ROLL1046,Boyd_Hayes32@gmail.com,510-441-9237 x0152,Female,19,ECE,4,D,8.85,377 Ollie Dale,Fort Theodore,New Mexico,India
47,Dwayne Medhurst,ROLL1047,Leann38@hotmail.com,487-202-8059 x2494,Female,21,CSE,3,A,5.17,86662 Hoppe Circles,Port Hannamouth,New Hampshire,India
48,Luther Connelly,ROLL1048,Yasmine.Purdy@yahoo.com,592-742-7267 x047,Male,24,CSE,1,B,5.62,58656 Jude Manors,Lake Coltonfort,Illinois,India
49,Nathaniel Barton,ROLL1049,Marcos_Crona@gmail.com,281.417.1448,Male,25,CSE,1,C,5.46,9768 Collins Forks,Port Myamouth,New Mexico,India
50,Dr. Beth Rowe,ROLL1050,Jameson_Kuvalis98@yahoo.com,644-658-7078,Male,23,CSE,2,D,5.43,653 Stamm Burgs,Lake Sheridan,Kansas,India
51,Virginia Stark,ROLL1051,Maggie_Renner@gmail.com,1-522-972-1814 x14906,Female,19,MECH,2,A,5.48,546 Ottilie Corners,Izabellaburgh,New Mexico,India
52,Antonia Gusikowski I,ROLL1052,Verna8@yahoo.com,1-339-457-4364 x2800,Other,25,MECH,3,B,5.10,6612 High Road,Sawaynbury,Wyoming,India
53,Thomas Mosciski,ROLL1053,Elaina76@gmail.com,789-861-1156 x3698,Other,21,ECE,3,A,9.46,5218 Kristofer Dale,Somerville,Mississippi,India
54,Claire Smith,ROLL1054,Brody_Rippin33@gmail.com,(468) 952-7998 x9246,Other,21,CIVIL,3,A,7.20,802 Bedford Road,Roswell,Utah,India
55,Margaret Anderson,ROLL1055,Retha93@hotmail.com,(837) 202-1304 x65938,Female,20,IT,3,A,9.08,34059 Roel Wall,Hoover,Connecticut,India
56,Beulah Cummings,ROLL1056,Mariana.Mante@yahoo.com,1-496-859-7508,Female,21,CSE,4,A,9.20,983 Zboncak Hills,Walterfurt,New Mexico,India
57,Samantha Bergstrom V,ROLL1057,Eliezer16@hotmail.com,733-862-4662 x6405,Other,21,EEE,1,B,7.86,816 Bogisich Path,Abeport,New York,India
58,Estelle Legros,ROLL1058,Tyree.Larson2@yahoo.com,(491) 703-3040 x8630,Other,22,IT,2,A,6.86,84266 Manor Road,Wunschmouth,Ohio,India
59,Louis Murazik,ROLL1059,Micaela.Daniel@hotmail.com,(288) 617-2306,Other,19,EEE,1,A,9.49,621 Union Avenue,Manleyworth,Michigan,India
60,Boyd McGlynn,ROLL1060,Natalie56@yahoo.com,1-233-698-6812,Male,22,CSE,1,D,7.44,92709 Stiedemann Valleys,Kaitlynmouth,Arizona,India
61,Ramiro Murray,ROLL1061,Claudine.Bauch11@hotmail.com,(267) 716-8125 x506,Male,23,MECH,1,C,5.78,317 Julian Lane,Aufderharshire,Maine,India
62,Timothy Rowe,ROLL1062,Lorenzo_Rath@hotmail.com,490-795-6683 x89677,Male,20,EEE,2,B,5.05,58568 Marjory Prairie,Jamaalton,South Carolina,India
63,Jeff Spencer,ROLL1063,Wilhelm_Leuschke@hotmail.com,904-290-8396 x8211,Female,19,EEE,1,B,5.04,38378 Shanahan Harbors,East Randimouth,Minnesota,India
64,Darren Flatley,ROLL1064,Jacques_Reinger@gmail.com,1-533-722-3149 x180,Other,20,EEE,3,D,6.76,60599 Gutmann Lane,Knoxville,New Hampshire,India
65,Jared Monahan,ROLL1065,Andreane.Von52@hotmail.com,968-317-1527 x932,Other,22,IT,3,A,6.41,1759 Willow Grove,Norman,Indiana,India
66,Marcus Luettgen,ROLL1066,Summer.Welch66@gmail.com,584.308.0637 x0162,Other,25,ECE,2,A,8.39,889 Meadow Close,Labadieview,Arkansas,India
67,Marion Haag,ROLL1067,Aaliyah.Walsh65@yahoo.com,270-566-7089,Female,19,CSE,2,C,6.01,204 Sandringham Road,Yucaipa,Wisconsin,India
68,Danielle Powlowski,ROLL1068,Jonatan6@yahoo.com,1-422-942-8771,Other,19,EEE,3,C,9.44,371 W Washington Avenue,South Zetta,Louisiana,India
69,Essie Kohler,ROLL1069,Elvis51@hotmail.com,1-842-321-1469 x828,Male,25,CSE,4,B,9.75,602 Penelope Spurs,St. Louis,Pennsylvania,India
70,Hannah Powlowski,ROLL1070,Stanton_Kutch17@gmail.com,1-724-965-0375 x83114,Male,25,ECE,1,C,7.04,714 Columbia Avenue,Lucyland,Rhode Island,India
71,Andrea Boehm,ROLL1071,Brycen.Langworth@gmail.com,1-700-614-6214 x516,Female,18,CIVIL,4,A,8.70,75099 Sipes Roads,East Octavia,North Dakota,India
72,Sergio Nikolaus,ROLL1072,Ashton.Steuber4@hotmail.com,975.598.5780 x3401,Female,20,IT,3,C,5.88,16276 Pfannerstill Radial,Modesto,South Dakota,India
73,Julian Fisher,ROLL1073,Bart69@hotmail.com,472.318.6159,Female,21,CSE,1,C,9.37,657 Angus Greens,Orlando,Florida,India
74,Roberto Turner,ROLL1074,Edwin_Mraz@gmail.com,(916) 944-4944 x4976,Female,23,ECE,3,C,5.90,3796 Finn Mountain,Pine Hills,Virginia,India
75,Irvin Kiehn,ROLL1075,Concepcion.Hermiston@yahoo.com,1-832-869-5562 x16622,Other,19,IT,3,D,9.11,4123 Northfield Road,Fort Alfonsoview,Colorado,India
76,Michele Ernser,ROLL1076,Gordon.Wisoky@gmail.com,1-459-265-7025 x10987,Male,24,EEE,1,B,9.35,6257 Crescent Road,Greenfelderboro,South Dakota,India
77,Mr. Jeffery Bergstrom,ROLL1077,Alejandrin31@yahoo.com,(781) 287-2980,Female,23,CSE,4,D,8.65,1306 Gleason Forks,Grand Junction,Wyoming,India
78,Don Witting,ROLL1078,Milton_Brown41@yahoo.com,549-918-5305 x342,Male,21,EEE,2,D,8.36,78101 Kiehn Meadows,Lake Forest,Florida,India
79,Allison Dach,ROLL1079,Esteban_Senger@gmail.com,921.715.8055 x7701,Female,21,MECH,4,B,5.21,80432 Colt Run,Gutkowskiport,Arkansas,India
80,April Kemmer,ROLL1080,Alek.Hammes-Quitzon@gmail.com,545.936.9239 x0247,Male,19,CIVIL,1,D,8.89,75789 Langosh Field,Starkland,California,India
81,Joann Welch,ROLL1081,Ethan96@gmail.com,550-664-1676 x525,Female,23,EEE,3,C,6.97,1060 Marlon Avenue,Chynamouth,Nevada,India
82,Gloria Moore,ROLL1082,Gage.Fay43@gmail.com,1-512-274-1175 x187,Male,21,ECE,3,D,5.45,89486 Judah Ford,Fridafurt,Arizona,India
83,Miss Christy Fadel,ROLL1083,Sally.Farrell16@yahoo.com,(935) 218-0025 x6208,Other,23,MECH,4,B,8.30,6704 Lebsack Spurs,Doylestead,South Carolina,India
84,Stephanie Marquardt,ROLL1084,Mohammed74@gmail.com,1-926-324-2545 x96994,Male,19,IT,3,B,5.65,7693 Dietrich Heights,South Haskell,Washington,India
85,Desiree Wintheiser,ROLL1085,Godfrey.Koepp@gmail.com,472-731-0357,Other,22,IT,4,A,7.81,3413 Bobby Green,Athens-Clarke County,New Mexico,India
86,Dwayne Flatley,ROLL1086,Tamara83@hotmail.com,399.355.6435 x66772,Other,22,ECE,1,C,5.11,571 E Washington Street,Collierville,New York,India
87,Alan Mann,ROLL1087,Bernard_Ondricka94@hotmail.com,(362) 619-3538 x170,Male,25,IT,1,D,9.89,51065 Valley Road,Albany,New Mexico,India
88,Celia Padberg,ROLL1088,Tavares.Conroy-Christiansen32@yahoo.com,999.455.9643 x3676,Other,24,CIVIL,2,A,7.64,103 Carey Heights,Keelingborough,Georgia,India
89,Kate Romaguera II,ROLL1089,Elliot_Hagenes13@hotmail.com,1-588-827-8075 x566,Other,24,EEE,4,C,7.04,589 The Mount,Justineboro,Wyoming,India
90,Carol Huel,ROLL1090,Micheal15@yahoo.com,(790) 724-0165,Female,18,IT,2,B,8.07,7400 Kessler Forge,Bednarworth,Tennessee,India
91,Geneva Schaden-Runte,ROLL1091,Travon.Barrows45@gmail.com,1-810-776-1618 x4981,Female,25,MECH,4,A,6.77,54968 Audie Shores,Mayaguez,Delaware,India
92,Randolph Becker,ROLL1092,Bridie.Schneider@hotmail.com,665-538-7971 x4034,Male,23,EEE,2,A,9.95,36814 Elinore Terrace,Ornport,Washington,India
93,Perry Krajcik Jr.,ROLL1093,Chester84@gmail.com,755-856-1169 x36858,Male,18,MECH,1,B,9.13,70271 Murazik Lane,Port Chadberg,Mississippi,India
94,Nettie Bernier,ROLL1094,Kayli_Smitham70@hotmail.com,611-364-3390 x13197,Other,18,EEE,2,A,8.65,9693 W Chestnut Street,Lake Vivienneboro,North Carolina,India
95,Ramiro Feil,ROLL1095,Kaley2@yahoo.com,530.317.8874 x797,Other,19,ECE,1,A,7.15,90604 Rohan Orchard,Dooleyshire,Illinois,India
96,Molly Murray,ROLL1096,Kacey.Gutmann@gmail.com,(578) 604-0542 x57970,Female,20,CSE,1,B,5.57,436 Laila Walks,Carrollton,New York,India
97,Jake Will,ROLL1097,Daniela.Rutherford@yahoo.com,702.485.2096,Male,24,CIVIL,1,A,8.45,941 Meagan Fords,Michaelabury,California,India
98,Ronald Cassin,ROLL1098,Emerald_Barton@hotmail.com,1-451-613-9012 x2428,Female,23,CSE,2,B,7.97,89044 Nelson Point,Hansenworth,Utah,India
99,Dr. Antoinette Doyle,ROLL1099,Bryce.Powlowski58@yahoo.com,(467) 250-9667 x7903,Male,22,CSE,4,B,6.64,31945 Moore Bridge,West Kelsibury,Iowa,India
100,Nathaniel Rowe,ROLL1100,Renee69@hotmail.com,(642) 619-2906 x1639,Male,23,ECE,2,B,9.72,8208 Larch Close,New Orleans,South Dakota,India
101,Rhonda Reinger,ROLL1101,Braden.Buckridge-Ullrich14@yahoo.com,277.243.0965 x2206,Other,18,CIVIL,2,B,9.03,4995 Alexzander Road,Morarboro,Wyoming,India
102,Sharon Wilkinson,ROLL1102,Florida_Kassulke31@gmail.com,1-379-285-5433,Female,20,ECE,3,A,7.51,86454 Tyrique Ford,Port Newton,South Carolina,India
103,Dr. David Gerlach,ROLL1103,Kole55@hotmail.com,382-717-7813 x300,Other,18,EEE,1,B,7.58,1594 Schaden Mountain,Harleyville,Indiana,India
104,Dr. Gene Rodriguez,ROLL1104,Eladio93@hotmail.com,256-317-4547 x4920,Other,24,IT,1,A,5.65,8641 Windsor Drive,Cassinhaven,Idaho,India
105,Javier Lang,ROLL1105,Norbert23@yahoo.com,962-593-0302 x62850,Female,20,CIVIL,2,C,9.69,35744 Euclid Avenue,West Jayceland,West Virginia,India
106,Jessie Ferry,ROLL1106,Cristian.Robel40@gmail.com,617.380.0256 x4287,Other,19,MECH,2,C,7.78,219 Block Trafficway,Hodkiewiczboro,Arizona,India
107,Sheila Erdman,ROLL1107,Ena.Keeling44@yahoo.com,(569) 598-1608 x62702,Female,22,ECE,3,C,5.41,8496 Lamont Divide,Dickinsonburgh,Alabama,India
108,Allan Smith,ROLL1108,Kendra.Hamill@yahoo.com,(310) 297-5929 x73815,Female,25,CIVIL,4,C,7.68,980 Lodge Close,Runolfsdottirstead,Oklahoma,India
109,Nettie Crist,ROLL1109,Stefan.Greenholt58@gmail.com,1-681-838-1140 x80398,Female,25,MECH,1,D,7.85,2434 College Avenue,Jaskolskiberg,Arizona,India
110,Mr. Sammy Torp,ROLL1110,Donnell.DAmore32@gmail.com,1-777-340-6332 x579,Female,20,CIVIL,4,A,7.29,8446 Marsh Lane,New Lemuel,Indiana,India
111,Ignacio Howe,ROLL1111,Eleazar36@hotmail.com,236.272.2949 x3266,Male,18,EEE,4,D,7.23,912 Nicolas Creek,Miami,Alabama,India
112,Mr. Grant Hoeger,ROLL1112,Mohamed.Harris@yahoo.com,598-732-5656 x76345,Male,18,MECH,2,D,7.78,19853 Jessyca Mills,Port Delaneyboro,Massachusetts,India
113,Raul Strosin,ROLL1113,Chasity.Monahan@yahoo.com,(330) 669-5005 x3273,Other,18,MECH,4,D,9.41,662 Macejkovic Wall,Kansas City,Montana,India
114,Emily Denesik Jr.,ROLL1114,Nicolette_VonRueden@yahoo.com,(997) 304-8737 x28823,Other,23,MECH,2,A,6.26,8121 Kreiger Track,Methuen Town,Massachusetts,India
115,Wm Stoltenberg,ROLL1115,Karli.Mertz91@gmail.com,858.237.4047 x7956,Other,23,ECE,3,A,7.08,5726 Parisian Ferry,Tyrellstead,North Dakota,India
116,Rosa Mertz,ROLL1116,Fiona_Heaney@yahoo.com,1-727-420-5966 x41951,Male,19,IT,4,B,9.92,90677 James Street,Detroit,Arizona,India
117,Della Konopelski,ROLL1117,Jeremy.Ritchie@gmail.com,865.449.2099 x02649,Other,22,MECH,2,C,5.32,3077 Lee Street,Rockyview,Connecticut,India
118,Veronica Walter,ROLL1118,Aleen85@gmail.com,641.675.5194 x6837,Other,19,EEE,1,D,9.99,95386 S State Street,North Gayletown,Vermont,India
119,Teresa Anderson IV,ROLL1119,Esperanza.Cartwright@hotmail.com,(820) 368-4658 x384,Other,25,MECH,1,C,5.67,8563 Memorial Drive,Ritchieville,New Mexico,India
120,Alexander Witting,ROLL1120,Karine_Corkery@hotmail.com,832.817.5179 x324,Female,24,ECE,2,C,8.84,9761 Schuster Summit,Bartfield,Utah,India
121,Margarita Gottlieb,ROLL1121,William21@hotmail.com,(219) 371-8554 x50891,Other,20,MECH,4,C,8.49,27394 Dooley Ports,Lebsackfield,Montana,India
122,Victoria Rippin,ROLL1122,Vernie96@gmail.com,926.226.8007 x686,Female,18,ECE,1,A,9.66,808 Bradtke Passage,New Genesis,Louisiana,India
123,Brad Tremblay,ROLL1123,Estrella_Gibson89@hotmail.com,1-359-941-9071 x918,Female,24,ECE,2,B,7.55,132 Goldner Meadow,East Mayland,Illinois,India
124,Kenny Ondricka,ROLL1124,Rowland61@yahoo.com,931.323.4670 x07512,Male,21,MECH,4,B,6.36,3958 Kiara Path,South Claudineton,Illinois,India
125,Darlene Reinger,ROLL1125,Mariano45@yahoo.com,(276) 630-5166 x447,Male,21,EEE,1,C,5.12,9743 Market Street,Samsonmouth,New York,India
126,Jerry Willms,ROLL1126,Nathanial35@gmail.com,1-317-972-3979 x017,Female,22,CSE,2,B,6.42,208 Bashirian Burgs,Harberstead,Georgia,India
127,Kirk Metz,ROLL1127,Cydney_Upton@gmail.com,(278) 866-0850 x0405,Male,25,CIVIL,4,B,9.38,515 Bryce Valley,Schneiderburgh,Florida,India
128,Blake Veum,ROLL1128,August27@hotmail.com,(603) 900-1407,Male,22,ECE,1,B,5.36,248 Howard Street,East Cieloborough,North Dakota,India
129,Delia Schaden,ROLL1129,Krista_Barrows28@hotmail.com,(589) 229-2932 x13854,Other,25,MECH,2,B,5.18,98979 Eugenia Expressway,Erdmancester,Idaho,India
130,Dale Kris,ROLL1130,Christa_Nitzsche39@gmail.com,(972) 567-1940 x76907,Other,19,CIVIL,1,C,8.14,18546 Owen Burgs,Kochboro,Florida,India
131,Silvia Lowe,ROLL1131,Adrianna_Keebler@yahoo.com,(462) 795-6916,Female,25,ECE,2,C,7.41,63666 N Franklin Street,National City,Alaska,India
132,Lynn Walsh,ROLL1132,Antonette_Kertzmann93@gmail.com,545-802-4348 x6486,Other,20,ECE,3,C,9.90,6308 Maple Avenue,Lourdesboro,Indiana,India
133,Wanda Sauer,ROLL1133,Rubie_McClure99@yahoo.com,557-629-1081 x6522,Other,23,CSE,2,A,8.87,14263 Archibald Rapid,Lynwood,New York,India
134,Freda Hettinger,ROLL1134,Tom.Pouros31@gmail.com,433.584.7948 x883,Other,18,ECE,4,C,9.88,29825 Commerce Street,Prosaccoside,Delaware,India
135,Rachael Rohan,ROLL1135,Kyra.Keebler73@yahoo.com,611-817-4853 x8614,Male,22,IT,2,C,5.05,972 Deon Union,Montebello,Maryland,India
136,Vivian Metz,ROLL1136,Kelley_Emard45@hotmail.com,(383) 626-7503 x2734,Other,21,CIVIL,2,A,5.63,96026 Wintheiser Cove,Creminfield,Maine,India
137,Delores Larkin PhD,ROLL1137,Baron.Quigley38@gmail.com,1-783-524-4802 x131,Male,20,ECE,4,C,9.65,65283 Noemi Square,Petaluma,Minnesota,India
138,Roman Gibson,ROLL1138,Corine_Fay64@hotmail.com,(333) 780-0559 x741,Female,22,EEE,4,D,6.03,49530 S 3rd Street,East Idella,Iowa,India
139,Mrs. Eunice Ankunding,ROLL1139,Skyla8@hotmail.com,1-543-830-8918 x75168,Female,24,MECH,4,D,6.21,42909 Stark Expressway,Chanellechester,Louisiana,India
140,Andres Schmitt,ROLL1140,Maxime.Bashirian@gmail.com,225.357.8425 x8920,Male,18,CIVIL,1,D,8.68,3969 N Broadway,North Kaitlinbury,Maine,India
141,Derrick Ondricka,ROLL1141,Talia.Pagac55@hotmail.com,1-839-896-4579,Female,18,MECH,1,C,8.87,6714 Verna Brooks,Madalineview,Oklahoma,India
142,Maria Stanton V,ROLL1142,Jarod_Beahan42@gmail.com,(453) 833-9230 x62225,Other,22,CIVIL,3,A,9.81,81741 Fritsch Cove,Olaville,Iowa,India
143,Roxanne Schamberger,ROLL1143,Jacques_King3@gmail.com,(384) 360-1118,Female,23,CIVIL,4,B,8.71,8603 Brandt Mission,East Aronfield,Nevada,India
144,Lucille Smitham,ROLL1144,Deshawn73@hotmail.com,682-242-4651 x67065,Female,21,MECH,3,C,8.33,39677 Stracke Crossroad,Friedrichshire,Delaware,India
145,Gwen Beer,ROLL1145,Jessika28@yahoo.com,1-873-621-0530 x6423,Other,23,CSE,4,C,7.31,8633 Jerrod Square,Carlimouth,Connecticut,India
146,Wendy Gerhold V,ROLL1146,Raheem_Pouros@gmail.com,(959) 840-2226,Female,22,ECE,2,B,8.74,1529 Lebsack Radial,Sammamish,Oregon,India
147,Kristopher Stroman II,ROLL1147,Olin.Quigley@yahoo.com,618-303-3900 x941,Male,19,EEE,2,D,8.92,5881 Doris Mills,East Rebeccaville,Illinois,India
148,Marcella West,ROLL1148,Cara53@hotmail.com,1-219-816-3646 x860,Other,25,EEE,1,C,8.46,7877 Mayfield Road,Rodriguezside,Florida,India
149,Kerry Schuppe,ROLL1149,Simone.Sawayn@gmail.com,934-236-5362 x87321,Female,18,EEE,2,A,7.75,90798 Somerset Road,Gutkowskichester,Michigan,India
150,Lorene Hickle,ROLL1150,Cielo96@hotmail.com,1-537-271-9323,Other,24,EEE,2,C,7.89,25249 Demario Hill,Andersonworth,Maine,India
151,Jessie Gorczany,ROLL1151,Angelica98@yahoo.com,249-250-9905 x5697,Other,25,EEE,1,A,7.02,96395 Ledner Harbor,East Calista,Washington,India
152,Doris Brakus,ROLL1152,Furman.Rogahn@yahoo.com,1-799-878-1775,Female,23,MECH,2,B,8.68,82010 Gordon Coves,Minnetonka,Connecticut,India
153,Hugh Gislason,ROLL1153,Maurine57@gmail.com,691-256-8794 x64726,Male,23,EEE,2,A,8.67,286 Kunde Pines,West Laurettaburgh,South Dakota,India
154,Lisa Ritchie,ROLL1154,Bryce.Christiansen@hotmail.com,486-356-4499,Other,25,CSE,2,B,6.62,963 Leuschke Mews,Erie,New Hampshire,India
155,Devin King,ROLL1155,Stan.Will@yahoo.com,250.257.4249 x9265,Female,20,EEE,3,D,5.74,86993 Mayer Parks,Port Juwantown,Pennsylvania,India
156,Jake Schaefer,ROLL1156,Turner.Ward@gmail.com,836-257-1927 x015,Female,20,EEE,3,D,7.63,918 7th Street,Gracielaborough,Alaska,India
157,Javier Streich,ROLL1157,Jordy26@yahoo.com,473.526.9828,Female,23,CIVIL,2,C,9.34,9017 Gudrun Underpass,East Nikko,Oregon,India
158,Santiago Blick,ROLL1158,Emma68@gmail.com,433.221.0097,Female,21,ECE,1,A,6.03,44768 Clementine Place,Homenickmouth,Pennsylvania,India
159,Fannie Rowe,ROLL1159,Zora.Bauch@gmail.com,925.356.8694 x3642,Other,23,CIVIL,3,D,9.49,1311 Locust Street,East Thereseville,Nevada,India
160,Stewart Lockman,ROLL1160,Gayle_Grant46@gmail.com,364.778.9530 x44616,Female,20,CSE,3,A,9.54,66229 Winston Rue,Alexanneville,Louisiana,India
161,Ms. Melanie Brakus,ROLL1161,Orville.Moore70@hotmail.com,1-335-948-1723 x995,Male,23,ECE,3,D,6.74,62137 Lemke Coves,Ashburn,North Dakota,India
162,Erica Berge-Veum III,ROLL1162,Daija.Huel90@gmail.com,804-760-4406 x146,Female,21,IT,4,C,5.45,2408 Effertz Falls,South Stanley,Arizona,India
163,Ramona Moen,ROLL1163,Roy_Cummerata@gmail.com,(783) 868-2300 x6977,Male,25,MECH,1,C,6.84,5515 S 4th Street,East Bernita,California,India
164,Maggie Beahan,ROLL1164,Jensen98@hotmail.com,219-660-4714 x44901,Female,25,CIVIL,2,B,6.93,12034 Hannah Grove,Yostview,Kansas,India
165,Carlos Pacocha V,ROLL1165,Darrion_Abbott@gmail.com,852-879-5518,Female,22,MECH,2,C,6.30,7301 Bogan Dale,Lake Elena,Nevada,India
166,Bernard Metz,ROLL1166,Eryn.Runolfsson@hotmail.com,1-752-240-9574 x517,Male,21,CSE,4,A,8.78,1533 Langworth Mall,South Noemy,South Dakota,India
167,Josephine Hintz,ROLL1167,Walker_Nicolas42@gmail.com,771-824-8558,Male,22,EEE,4,A,9.08,341 Kertzmann Ways,New Kennithborough,Wyoming,India
168,Nathan Pacocha,ROLL1168,Jo.Kessler@yahoo.com,217-652-6918 x2517,Female,24,CSE,3,A,5.40,3098 Greenfelder Trace,Findlay,Washington,India
169,Dr. Beverly Considine-Quitzon Jr.,ROLL1169,Danial18@yahoo.com,454-581-3451 x8229,Female,25,CSE,1,B,7.28,534 Wilderman Freeway,Tannerchester,Texas,India
170,Matt Wolff,ROLL1170,Effie.Morissette66@hotmail.com,(823) 865-5810 x7382,Male,19,IT,1,A,6.19,2722 Murazik Throughway,Fort Trystanstad,Minnesota,India
171,Florence Zulauf III,ROLL1171,Dorothea_Bailey@gmail.com,377.862.6649 x724,Other,25,CSE,2,B,6.45,36010 Estell Plain,New Daxtown,Idaho,India
172,Alma Cassin,ROLL1172,Ottis.Emard@yahoo.com,921-374-1455 x35837,Male,24,MECH,2,C,5.52,453 Eleazar Crest,New Daphneetown,Kansas,India
173,Francisco Brown,ROLL1173,Krystel97@hotmail.com,213.985.7190 x76313,Other,25,MECH,3,C,5.45,193 Cronin Estate,Port Jeanettefurt,Idaho,India
174,Bennie Torphy,ROLL1174,Willard.Walsh@yahoo.com,624.423.4524 x82155,Female,25,IT,3,C,9.81,711 Tower Road,West Simoneberg,Illinois,India
175,Antoinette Beahan,ROLL1175,Brigitte.Terry62@hotmail.com,1-749-209-8132 x877,Male,25,IT,3,D,9.27,556 N Central Avenue,West Terrellstead,Michigan,India
176,Maxine Kuhic PhD,ROLL1176,Milo.Heathcote34@yahoo.com,(214) 457-3710 x0072,Female,18,MECH,1,D,6.39,691 Kessler Rue,Spinkahaven,Oregon,India
177,Freda Hansen,ROLL1177,Norma.Carroll19@gmail.com,462-865-4393 x685,Other,23,IT,2,B,8.79,893 Walton Fields,Alenashire,Alabama,India
178,Matthew Bailey,ROLL1178,Gillian.Conn50@hotmail.com,(829) 309-4585 x7901,Other,23,CIVIL,1,B,9.48,3608 Nikolaus Estate,Roanoke,Minnesota,India
179,Erma MacGyver,ROLL1179,Meaghan_Adams93@yahoo.com,774-683-5306 x7785,Other,21,EEE,1,D,5.95,90920 Howard Street,Hermanburgh,Florida,India
180,Stewart Will-Pfannerstill,ROLL1180,Domenico_Pacocha60@yahoo.com,513-881-1285 x300,Male,19,CSE,2,B,8.85,79297 W 2nd Street,Grimesview,Wisconsin,India
181,Eugene Kemmer-Wiegand,ROLL1181,Monica16@hotmail.com,308.379.6980 x507,Female,19,MECH,1,C,9.64,4329 Oxford Street,Tinley Park,Rhode Island,India
182,Ms. Jody Cummerata,ROLL1182,Alba_Konopelski@hotmail.com,1-954-463-8618 x0737,Male,18,EEE,3,C,9.39,329 Madison Avenue,West Soledadshire,Idaho,India
183,Kerry Murphy I,ROLL1183,Magali_Donnelly@gmail.com,852-694-8836,Male,22,MECH,1,C,7.94,587 W Central Avenue,Myrnatown,Maine,India
184,Robert Lesch,ROLL1184,Judy.Hettinger@yahoo.com,894-506-8216,Other,18,IT,3,A,9.37,7304 Old Lane,South Lutherbury,Washington,India
185,Dustin Hahn,ROLL1185,Ilene73@yahoo.com,234.228.3152 x20996,Male,20,IT,2,C,7.37,6238 Laurel Close,West Patriciaboro,Delaware,India
186,Kristie Boyle,ROLL1186,Yolanda50@gmail.com,240.976.1696 x44342,Other,21,IT,1,D,9.96,97483 Woodlands,Las Cruces,West Virginia,India
187,Wilbur Renner,ROLL1187,Karine89@yahoo.com,1-698-704-6706,Other,23,ECE,3,D,7.34,49941 Bulah Bridge,West Marge,Iowa,India
188,Kerry Mosciski,ROLL1188,Hyman_Buckridge4@hotmail.com,1-621-350-0298 x624,Other,19,CSE,3,C,9.75,888 Bogan Junctions,East Marcellus,Tennessee,India
189,Casey O'Kon,ROLL1189,Litzy60@hotmail.com,872.215.7130,Female,20,IT,2,D,9.78,35182 Golda Expressway,Emmerichcester,South Carolina,India
190,Alexandra Kuhlman III,ROLL1190,Quincy.Breitenberg@gmail.com,1-280-432-7158,Male,18,ECE,4,B,8.72,3198 Zboncak Stream,New Ida,Alaska,India
191,Francis Satterfield,ROLL1191,Delphine.Deckow63@gmail.com,347-611-1926 x9228,Male,22,CSE,4,B,5.88,466 Hauck Estate,McClureside,Indiana,India
192,Ginger Collier,ROLL1192,Loren29@yahoo.com,270.562.3378 x1763,Female,25,IT,1,B,9.34,498 Beatty Brook,Kshlerincester,Utah,India
193,Dana Mann,ROLL1193,Destin_Runolfsdottir71@gmail.com,926-813-8074,Male,23,EEE,3,D,5.06,912 Beier Via,Merced,Texas,India
194,Carroll Hayes,ROLL1194,Leda72@hotmail.com,724.452.4749 x521,Male,24,IT,2,D,7.40,72058 Smith Lake,Demondchester,Missouri,India
195,Vickie Batz,ROLL1195,Sean_Kuphal69@gmail.com,1-386-767-7945 x78321,Female,22,CSE,3,A,9.79,713 Wellington Road,Scottyhaven,Vermont,India
196,Craig Glover,ROLL1196,Vena_Schneider97@hotmail.com,(601) 684-5125 x57692,Other,22,IT,3,B,8.46,54291 Hammes Highway,Cristianfurt,South Carolina,India
197,Darla Renner,ROLL1197,Hillary_Brakus46@hotmail.com,(915) 239-6679 x16092,Female,25,ECE,2,B,5.15,5686 E River Road,Danielville,Louisiana,India
198,Myra Lemke DVM,ROLL1198,Lulu_Deckow38@hotmail.com,(203) 445-9156 x163,Female,25,IT,3,C,8.47,57271 Jon Unions,Larsonboro,New York,India
199,Juanita Bernhard II,ROLL1199,Ofelia61@gmail.com,845.589.1663 x35760,Female,22,CSE,3,D,5.27,123 Jefferson Street,East Micaelafort,Maine,India
200,Dr. Marcos Spencer,ROLL1200,Fanny_Kshlerin50@yahoo.com,942.326.9152 x356,Other,19,ECE,2,D,8.96,870 Kemmer Corners,South Herbert,Oklahoma,India
201,Emanuel Mitchell,ROLL1201,Leanna.Steuber@gmail.com,1-681-458-3481,Female,18,CIVIL,1,C,6.64,8613 S Pine Street,East Columbusview,Idaho,India
202,Keith Kessler,ROLL1202,Devon.Nader40@hotmail.com,(252) 668-1342 x643,Male,18,MECH,4,D,7.69,5070 Wade Parks,Connworth,Vermont,India
203,Mr. Lionel Denesik I,ROLL1203,Nico64@gmail.com,1-986-515-1236 x4741,Male,21,CSE,1,D,5.05,22118 Nolan Turnpike,East Steviefurt,Rhode Island,India
204,Claudia Rohan,ROLL1204,Abdullah41@hotmail.com,644.465.5120 x13879,Female,24,CSE,1,D,5.09,2344 Runolfsson Heights,Port Ricardohaven,Wyoming,India
205,Sophia Ullrich,ROLL1205,Fernando_Kreiger@hotmail.com,975-764-2385 x05271,Female,18,ECE,3,D,7.19,699 Crooks River,Cruzcester,Delaware,India
206,Conrad Doyle,ROLL1206,Chaz_Graham@yahoo.com,1-221-785-3497 x2731,Female,23,ECE,3,A,6.28,89623 Celestino Rue,North Elroy,Louisiana,India
207,Michelle Grimes,ROLL1207,Casper.Tremblay41@yahoo.com,906-502-5667,Female,22,IT,2,A,6.86,8162 Cedar Road,Lake Havasu City,Arizona,India
208,Rosa Wilkinson,ROLL1208,Troy_Mayert@hotmail.com,(343) 577-4646,Male,22,ECE,1,C,8.96,83583 Homenick Route,Rochester Hills,Alaska,India
209,Clara Barton Jr.,ROLL1209,Isabel_Hagenes79@hotmail.com,853.330.6183 x9317,Female,18,IT,3,B,9.31,4876 Grand Avenue,East Lane,South Dakota,India
210,Marianne Bosco,ROLL1210,Montana59@hotmail.com,396-610-2624,Other,18,IT,2,C,7.06,345 Kertzmann Pines,Soledadhaven,Washington,India
211,Earl Wolff,ROLL1211,Peter68@hotmail.com,(833) 870-6121,Other,20,CSE,1,A,9.44,76722 Della Stravenue,Adamston,North Carolina,India
212,Laverne Greenfelder,ROLL1212,Alfonso_Fay0@yahoo.com,(658) 227-8570,Male,20,ECE,3,A,8.70,6413 Murphy Viaduct,New Bennyhaven,Maine,India
213,Bessie Ernser,ROLL1213,Friedrich23@gmail.com,421-767-8185,Female,20,CSE,1,C,6.81,3409 Lesly Valley,Lake Devante,Rhode Island,India
214,Timothy Erdman,ROLL1214,Isadore9@hotmail.com,1-680-515-0275 x1914,Female,22,CSE,1,A,7.92,87584 Block Radial,Poinciana,Iowa,India
215,Gordon Sporer,ROLL1215,Theodora81@yahoo.com,(783) 976-6983,Female,24,EEE,2,D,8.39,828 Veum Trail,Rennerboro,California,India
216,Jennifer VonRueden,ROLL1216,Cyrus.Pfeffer-Price82@yahoo.com,960-761-4214 x0972,Male,24,CIVIL,4,D,7.06,4657 Bath Road,Port Theron,Mississippi,India
217,Woodrow Ritchie,ROLL1217,Alana.Tillman96@yahoo.com,1-894-624-2631 x4331,Female,23,MECH,1,C,7.61,7093 Cary Crossing,Fort Willamouth,Massachusetts,India
218,Carla Heller,ROLL1218,Wilson.Dare87@gmail.com,(301) 717-3919 x819,Other,20,MECH,2,B,5.90,99923 Yvonne Forks,Joellecester,Alaska,India
219,Jesus McCullough,ROLL1219,Chauncey.Stehr@gmail.com,764.811.0216 x8886,Female,18,EEE,2,C,7.93,20676 Aspen Close,Dothan,Maryland,India
220,Alfonso Kohler,ROLL1220,Keira.Glover34@gmail.com,1-328-328-9308 x26413,Female,21,CIVIL,4,B,5.41,785 Richmond Road,Lake Terrancehaven,Montana,India
221,Edwin Blanda,ROLL1221,Jacky.Schuppe50@hotmail.com,348-369-1873 x47712,Other,21,IT,3,C,7.84,550 Sim Villages,Denisshire,South Carolina,India
222,Dr. Guadalupe Towne,ROLL1222,Ivory34@gmail.com,1-672-627-5125 x881,Other,24,IT,3,B,8.85,2712 Feeney Cove,Nicolasboro,Arkansas,India
223,Melvin Terry,ROLL1223,Bonnie72@hotmail.com,731.516.2873,Female,19,EEE,2,B,8.48,5468 Daija Club,New Zena,Georgia,India
224,Terence Beier,ROLL1224,Marcelo62@gmail.com,376-983-0496 x66878,Other,18,EEE,3,C,8.56,28325 Eliane Trafficway,Rowlett,Nebraska,India
225,Kenny Altenwerth,ROLL1225,Zackary.Bode73@yahoo.com,1-494-904-4956 x780,Male,21,IT,4,D,9.51,7188 W River Road,Waterloo,Iowa,India
226,Miss Emily Swift III,ROLL1226,Noemy.Buckridge35@hotmail.com,(788) 857-1709 x4615,Male,19,CIVIL,2,A,8.85,5472 Pouros Mews,East Marianafurt,New Jersey,India
227,Evelyn Emmerich III,ROLL1227,Thalia18@gmail.com,799-487-9354 x462,Female,20,EEE,3,D,5.60,3260 Bergnaum Lake,San Antonio,Vermont,India
228,Kara Glover Sr.,ROLL1228,Mallie.Lehner@gmail.com,429.716.8232 x462,Female,22,ECE,4,B,6.57,9858 Konopelski Union,Cerritos,Wyoming,India
229,Leslie Little,ROLL1229,Emiliano.Swift-Carter47@hotmail.com,1-943-280-1929 x44337,Male,21,CIVIL,2,D,7.19,516 Ziemann Garden,West Abigayleberg,North Carolina,India
230,Leroy Maggio,ROLL1230,Tiffany_OConner@yahoo.com,1-850-669-7012 x5767,Other,19,CIVIL,1,C,7.32,8967 Laurence Bridge,Modesto,Illinois,India
231,Kristy Steuber,ROLL1231,Makenzie_Braun73@gmail.com,(240) 328-1689 x733,Male,24,MECH,3,C,9.96,7559 Eusebio Rue,East Martinaville,Colorado,India
232,Margarita Welch,ROLL1232,Lazaro34@yahoo.com,528.238.8660 x432,Other,23,IT,4,C,9.69,3689 Zola Path,Considineport,Wyoming,India
233,Johnathan Aufderhar DDS,ROLL1233,Jackeline_Douglas32@yahoo.com,673-873-5425 x34735,Other,20,MECH,2,D,9.34,7432 Meadow Drive,Alishashire,New Jersey,India
234,Priscilla Marvin,ROLL1234,Hyman_Koch72@hotmail.com,931.393.1950 x72078,Female,25,MECH,3,D,5.13,56784 Delmer Forge,Melbourne,Vermont,India
235,Caleb Haag,ROLL1235,Max45@gmail.com,1-706-907-4988 x9318,Other,19,CIVIL,1,A,7.42,21120 S Broad Street,East Jefferystead,Maryland,India
236,Miss Mindy Aufderhar,ROLL1236,Reece9@gmail.com,892-873-8687,Male,23,IT,2,C,6.69,4419 Halvorson Points,Murazikbury,Hawaii,India
237,Mable Funk,ROLL1237,Virginie.Collins91@gmail.com,(266) 481-1823 x503,Other,21,CSE,2,C,6.15,3176 Jones Curve,Lake Stanfordton,Utah,India
238,Brenda Steuber,ROLL1238,Jacynthe_Stoltenberg6@yahoo.com,(595) 787-3488 x5872,Female,19,MECH,2,D,6.15,58083 Koelpin Streets,Aftonside,New York,India
239,Wade Paucek,ROLL1239,Savannah19@hotmail.com,675-924-5674,Female,21,IT,2,A,8.91,714 E Jefferson Street,Reynoldshire,Illinois,India
240,Cathy Fay,ROLL1240,Weston.Wilderman@gmail.com,366.902.3494 x7001,Other,20,MECH,1,C,5.81,4266 Common Lane,Clarafurt,Missouri,India
241,Myron Roberts,ROLL1241,Vivian.Gusikowski51@gmail.com,905-542-6348,Male,19,EEE,2,B,7.87,2501 Jillian Ridges,Lucienneberg,Alaska,India
242,Gayle Romaguera,ROLL1242,Frances61@yahoo.com,822-633-6931 x7975,Female,22,EEE,2,A,8.84,5770 Kuphal Junctions,East Delphine,Michigan,India
243,Mr. Irving Rowe,ROLL1243,Anabel.Sauer@yahoo.com,771-687-4506 x118,Male,20,CSE,2,A,5.92,97678 A Street,Erdmancester,Arizona,India
244,Iris Dickens V,ROLL1244,Albin_Harber72@gmail.com,669-290-7251,Other,18,MECH,1,C,6.99,14406 E 2nd Street,Altenwerthtown,Alabama,India
245,Ralph Daugherty,ROLL1245,Mabel.Kemmer@hotmail.com,1-859-537-9278 x18450,Female,23,ECE,2,C,7.91,9978 Cole Canyon,Rettaside,Illinois,India
246,Julio Jerde,ROLL1246,Emma_Friesen-Volkman@gmail.com,745-252-3960 x9539,Female,20,CIVIL,3,D,6.63,6329 Park Drive,South Kraig,Delaware,India
247,Jeffrey Kihn,ROLL1247,Daryl.Langworth80@hotmail.com,(426) 317-1291 x918,Male,20,CSE,4,B,6.09,928 Tressie Parkways,Pine Bluff,New Mexico,India
248,Jo Langosh,ROLL1248,Janessa10@gmail.com,1-361-238-9776 x0387,Other,20,IT,2,C,6.48,435 Waylon Valley,East Kirk,Delaware,India
249,Salvatore Carter V,ROLL1249,Dedric_Graham@yahoo.com,1-510-387-4270 x1349,Other,23,EEE,1,D,7.37,49281 Wellington Road,Maximilianton,Texas,India
250,Gertrude Bruen,ROLL1250,Mozelle.Gorczany@hotmail.com,1-510-527-2921 x8415,Female,21,ECE,2,B,7.63,70538 Gibson Heights,Nicolasstad,Illinois,India
251,Clara Jerde,ROLL1251,Russell_Goldner@hotmail.com,295.967.6274 x2563,Male,25,CIVIL,3,C,5.36,24308 Lloyd Lane,East Lansing,Michigan,India
252,Marta Mosciski,ROLL1252,Autumn_Wisoky@hotmail.com,(765) 224-4774,Male,22,IT,2,C,5.60,115 N Main,Fort Otho,Tennessee,India
253,Alicia Miller,ROLL1253,Dayton_Cronin7@yahoo.com,336-636-2986 x693,Male,23,CIVIL,3,B,8.30,2134 Second Avenue,Fort Ruthie,New Mexico,India
254,Jan Herman,ROLL1254,Elenora82@yahoo.com,445-440-3030 x63215,Female,20,EEE,2,A,6.22,637 The Willows,San Tan Valley,Connecticut,India
255,Toby Pfeffer,ROLL1255,Brooklyn11@yahoo.com,(230) 578-3815 x97496,Other,21,EEE,2,C,8.90,60847 Milford Walks,Adeliaboro,Pennsylvania,India
256,Miss Stephanie Simonis,ROLL1256,Eriberto7@yahoo.com,231.732.9500 x8377,Male,24,CIVIL,3,A,6.18,8606 Charlene Island,Parker,Utah,India
257,Philip Considine,ROLL1257,Chesley.Wolff40@hotmail.com,628.556.9758 x811,Female,25,EEE,4,B,7.23,10294 Littel Path,Coon Rapids,North Carolina,India
258,Bruce Kassulke,ROLL1258,Zoie.Keebler@yahoo.com,414.564.7805 x495,Female,24,IT,3,D,6.46,355 Olson Expressway,New Marcella,Virginia,India
259,Courtney Hayes,ROLL1259,Vidal.Jacobs52@hotmail.com,577.383.9224 x032,Male,24,CIVIL,2,A,6.37,50955 DuBuque Land,Apex,Mississippi,India
260,Dr. Robyn Mertz,ROLL1260,Jacey_Simonis9@gmail.com,708-637-8334 x298,Other,20,CIVIL,1,A,5.30,1147 Hall Lane,North Christopfield,Maryland,India
261,Ismael Altenwerth,ROLL1261,Alexandra.Reilly@yahoo.com,826-281-9117 x730,Female,22,EEE,4,B,9.51,25143 2nd Street,Auertown,Colorado,India
262,Whitney Shanahan,ROLL1262,Trudie52@yahoo.com,1-457-224-0073 x308,Other,25,CSE,1,A,9.35,5818 W 6th Avenue,New Kayceeboro,Vermont,India
263,Ian Miller,ROLL1263,Rowland65@yahoo.com,(634) 599-4813 x8299,Other,18,CIVIL,3,D,9.38,177 N 5th Street,Grantshire,Utah,India
264,Molly Thiel,ROLL1264,Cyril.Grimes67@gmail.com,580.641.0749 x375,Female,25,CIVIL,3,A,9.25,432 Maggio Lane,South Donstad,Delaware,India
265,Estelle Emmerich,ROLL1265,Virgil74@hotmail.com,(454) 977-0527,Male,25,CIVIL,4,D,5.40,909 Ed Light,North Ernestina,North Dakota,India
266,Victor Pacocha,ROLL1266,Berneice74@gmail.com,1-909-491-0124 x98903,Female,24,CSE,3,C,6.75,4595 Arno Mill,Nataliebury,Nevada,India
267,Jeffrey Walsh,ROLL1267,Fanny.Parisian@hotmail.com,970-991-3899 x780,Other,24,IT,4,A,8.27,97706 W 6th Avenue,Simi Valley,New Jersey,India
268,Aubrey Vandervort,ROLL1268,Addie.Friesen@hotmail.com,1-723-899-7902,Male,19,CIVIL,1,A,5.31,393 Manor Gardens,Devinchester,Delaware,India
269,Brenda Tremblay,ROLL1269,Cleveland21@gmail.com,947.238.3508 x6332,Male,22,IT,3,B,7.77,44048 Avenue Road,Gaetanoshire,Utah,India
270,Shelia Wyman,ROLL1270,Vance60@gmail.com,528-381-5560 x74576,Other,18,CIVIL,2,A,6.20,81199 Clarence Road,Smithfurt,Missouri,India
271,Marcos Beatty,ROLL1271,Name_Dietrich50@gmail.com,(343) 522-9009 x39396,Male,23,MECH,4,C,8.46,2986 The Fairway,Sunrise,Oregon,India
272,Alton Nikolaus,ROLL1272,Winifred.Mann@gmail.com,829.406.9060 x3931,Male,24,ECE,4,B,6.65,25480 West Lane,Stiedemanntown,Texas,India
273,Wallace Quitzon,ROLL1273,Braeden3@yahoo.com,953.916.2637,Male,20,CSE,1,B,5.65,49350 Pedro Plains,South Robert,West Virginia,India
274,Frank Watsica DVM,ROLL1274,Forest_Lowe97@yahoo.com,(645) 766-8772 x2824,Female,22,CIVIL,3,A,7.95,44607 Ignatius Courts,Shayleeside,Iowa,India
275,Lula Schmitt,ROLL1275,Kaley.Koelpin@gmail.com,217-655-4608 x5647,Other,18,EEE,4,D,7.82,3483 Kelsie Gardens,Beaulahcester,New York,India
276,Dr. Salvador Hoeger,ROLL1276,Jamarcus.Wuckert@gmail.com,980.657.1266,Male,20,IT,4,B,6.74,832 Benton Drive,Carleeberg,Vermont,India
277,Henry Wuckert,ROLL1277,Cornelius42@yahoo.com,(635) 248-2785 x204,Female,20,ECE,1,C,6.30,889 School Close,North Dannie,Massachusetts,India
278,Frankie Hamill-Lindgren,ROLL1278,Estevan.Ankunding26@hotmail.com,295.463.3347 x87292,Other,18,CSE,4,C,6.00,8302 Hunter Prairie,Braunfurt,Maine,India
279,Ronald Leffler,ROLL1279,Alphonso_Padberg@hotmail.com,683-794-4864 x19412,Other,23,CSE,2,B,9.82,5143 S Union Street,Belleville,Maine,India
280,Geraldine Cremin,ROLL1280,Roel.OKon-Keeling@hotmail.com,442-569-3743,Male,19,CIVIL,4,D,7.75,789 Howe Flats,West Lawrenceside,Maryland,India
281,Antonia Lockman,ROLL1281,Sierra_Welch4@hotmail.com,950-700-8441,Female,20,IT,3,B,9.63,9631 Lindgren Junction,South Reta,Oregon,India
282,Lorenzo Littel,ROLL1282,Nathanael_Hackett@hotmail.com,(393) 371-6168 x92770,Female,23,EEE,2,B,9.15,9692 Sycamore Street,Turlock,Washington,India
283,Emmett Bernhard,ROLL1283,Johnny_Welch@hotmail.com,1-944-478-3122,Female,21,CIVIL,4,B,7.47,341 Main Street E,Tremblayfort,Minnesota,India
284,Delia Bechtelar,ROLL1284,Otho_Koch98@gmail.com,(335) 513-2513 x228,Other,19,CSE,4,C,8.88,10653 Andre Junctions,Trantowmouth,Arizona,India
285,Bonnie Hessel,ROLL1285,Dortha37@yahoo.com,201-747-5826 x16861,Male,25,CSE,4,D,8.00,404 Skiles Club,West Hartford,Rhode Island,India
286,Delbert Kuhn,ROLL1286,Kathlyn_Pollich15@gmail.com,332.921.7817 x157,Other,22,CIVIL,1,A,8.64,21709 Quitzon Park,Schambergerborough,Delaware,India
287,Cecelia Stamm,ROLL1287,Alexandra_Brekke98@hotmail.com,(616) 739-3214,Female,21,IT,1,B,7.33,3862 Mercedes Course,North Jordynfort,Idaho,India
288,Dr. Frankie Lynch,ROLL1288,Mina.Keebler44@yahoo.com,402-793-2888,Female,21,EEE,2,B,7.08,4677 Bramble Close,Isaacland,Wisconsin,India
289,Lorena Bogan-Reynolds,ROLL1289,Asia_Reichert15@gmail.com,1-477-920-5258 x95274,Male,23,MECH,1,D,5.51,1491 Cedar Grove,Port Faustoview,Georgia,India
290,Lloyd Crona,ROLL1290,Alivia93@yahoo.com,210-856-3946 x46437,Female,21,MECH,3,D,5.03,8589 Koelpin Mills,Andreborough,Texas,India
291,Sherman Harris-Hartmann,ROLL1291,Lenna.OConnell64@gmail.com,868-883-1215 x2894,Male,24,EEE,2,B,7.27,380 Adams Gardens,Utica,Idaho,India
292,Fredrick Schultz,ROLL1292,Franco_Weimann39@gmail.com,604.219.4485 x5190,Female,23,ECE,2,B,8.91,10170 Kobe Land,Elissashire,South Carolina,India
293,Alberto Batz,ROLL1293,Karli83@hotmail.com,855-994-0843 x341,Other,23,ECE,4,D,9.46,6414 Ludie Lights,Myaville,Missouri,India
294,Alonzo Feil,ROLL1294,Madonna31@gmail.com,1-513-476-7018,Female,20,ECE,1,D,6.36,72822 Spring Street,Stephonshire,Vermont,India
295,Maurice Upton,ROLL1295,Camren_Marks91@gmail.com,1-915-830-2749,Other,23,IT,4,B,9.15,909 Kris Creek,Chandlerfort,Maine,India
296,Mr. Roosevelt Stark,ROLL1296,Fanny_OConnell8@gmail.com,250.257.2685 x7014,Male,18,CSE,1,A,5.03,4844 Olson Loaf,Port Tanya,Connecticut,India
297,Brett Vandervort,ROLL1297,Savannah.Schmeler@hotmail.com,1-893-819-9469 x02576,Other,24,CIVIL,2,C,7.69,6804 Kingfisher Close,East Trevershire,Arkansas,India
298,Alonzo Crist,ROLL1298,Jillian23@gmail.com,640-563-5068 x9161,Female,19,CIVIL,2,A,5.52,46553 Canal Street,Purdyville,New Hampshire,India
299,Virginia Hills,ROLL1299,Mauricio30@gmail.com,(403) 851-7584,Other,23,EEE,4,C,6.24,779 Bernier Land,New Saulburgh,New Mexico,India
300,Terrell Hyatt,ROLL1300,Crystel.Schaden85@hotmail.com,524-891-4016 x000,Other,18,IT,1,A,5.58,7096 Emard Path,Madisonburgh,Delaware,India
301,Danny Goodwin,ROLL1301,Gage.Muller35@yahoo.com,731.745.1831 x4615,Female,19,EEE,1,B,9.62,53201 Precious Trafficway,Dooleyfurt,Minnesota,India
302,Ms. Cecelia Monahan-Kunde,ROLL1302,Teagan_Beer34@yahoo.com,(246) 752-7314 x029,Male,18,MECH,3,B,6.12,1245 Balistreri Knoll,Mrazfield,New Jersey,India
303,Micheal Smitham,ROLL1303,Gianni_McGlynn30@hotmail.com,(885) 927-6212 x124,Male,18,CIVIL,2,D,8.77,231 Green Close,Ames,Maine,India
304,Veronica Rempel,ROLL1304,Noemie.Gibson@gmail.com,(333) 314-8128,Female,22,CSE,1,D,7.14,1829 Kiehn Skyway,South Citlallistead,Iowa,India
305,Dr. Caleb Simonis,ROLL1305,Kraig_Shanahan70@yahoo.com,1-256-614-5478,Female,20,CSE,4,A,5.18,73497 Ethelyn Parkway,East Suzanneside,Oregon,India
306,Corey McGlynn,ROLL1306,Chelsey_OKeefe@yahoo.com,1-406-668-6710 x4480,Female,22,IT,2,D,8.27,2892 The Beeches,North Elsiecester,Minnesota,India
307,Miss Hazel Bayer,ROLL1307,Domenico_Sauer@hotmail.com,347.561.9497,Other,21,ECE,4,C,6.08,95211 Demario Grove,Fort Hayliefield,Iowa,India
308,Judy Lang,ROLL1308,Gretchen53@yahoo.com,601-506-0870,Female,23,CSE,2,B,5.85,5188 Nolan Freeway,Hayward,Arkansas,India
309,Terry Monahan,ROLL1309,Kelsi.Hahn@gmail.com,719-286-2440 x22860,Male,25,CIVIL,3,C,7.87,25414 Emmerich Extension,North Carlos,Utah,India
310,Dr. Faye Dickens,ROLL1310,Gustave18@yahoo.com,811-601-7284 x1381,Female,24,MECH,4,C,8.49,1033 Steuber Pine,Wesley Chapel,Washington,India
311,Roxanne Kemmer,ROLL1311,Ellie49@hotmail.com,(515) 536-1442 x509,Other,25,ECE,2,C,7.50,8356 Tyler Motorway,Lake Martyport,California,India
312,Sylvia Nolan,ROLL1312,Antone.Moore@yahoo.com,(429) 887-8956 x84709,Female,25,IT,3,C,9.21,1020 Magdalen Landing,Trantowchester,Connecticut,India
313,Taylor Armstrong Sr.,ROLL1313,Shanny.Ebert@hotmail.com,(723) 704-7542 x667,Male,20,CIVIL,4,D,6.81,68742 Kilback Spurs,Lake Beatricebury,Nebraska,India
314,Dianne Franey,ROLL1314,Guiseppe.Kris21@hotmail.com,1-568-888-6310 x0192,Other,25,CIVIL,4,B,5.11,5580 Lavada Fork,Altheaville,Tennessee,India
315,Hugh Boyle,ROLL1315,Virgie.Stokes@gmail.com,891-558-2302 x1287,Other,20,IT,3,A,9.22,192 N Bridge Street,Zachariahboro,West Virginia,India
316,Rosie Wolf-Hane,ROLL1316,Santos44@gmail.com,1-488-217-1812,Other,22,MECH,3,C,8.65,2922 Nikki Curve,New Tess,Indiana,India
317,Ms. Cecilia Bogan MD,ROLL1317,Kylee_McKenzie@gmail.com,548.788.2245 x46176,Male,18,EEE,1,B,7.87,6514 Harold Skyway,South Emerystad,Kentucky,India
318,Mrs. Julia Dibbert,ROLL1318,Janelle_Simonis72@gmail.com,924-304-8167,Other,24,CSE,4,C,6.28,37820 Laburnum Grove,Sanford,Alaska,India
319,Karen Gusikowski,ROLL1319,Shaniya_Kuphal52@hotmail.com,1-851-303-8624 x3510,Male,18,ECE,4,D,9.09,732 Christiansen Shoal,South Dejonstad,Montana,India
320,Geraldine Kozey,ROLL1320,Cierra.Nolan@hotmail.com,835.493.6828 x875,Other,23,CSE,1,A,5.36,557 Don Loaf,Chattanooga,Iowa,India
321,Oliver Hessel,ROLL1321,Dawson_Heathcote@gmail.com,652.939.8469 x21267,Male,18,CIVIL,1,A,5.50,523 Jacinto Mills,Fort Petra,Colorado,India
322,Edgar Funk,ROLL1322,Dean.Ondricka@gmail.com,1-831-552-1501 x68556,Female,25,MECH,2,D,5.33,4295 Bahringer Crest,Gabrielleworth,Rhode Island,India
323,Candice Kuhlman,ROLL1323,Matteo_Denesik@yahoo.com,(958) 967-4371 x607,Male,18,ECE,1,C,6.28,234 Halvorson Forges,Donavonworth,South Dakota,India
324,Erick McDermott,ROLL1324,Jordi_Windler@yahoo.com,1-236-968-5384,Other,23,MECH,3,A,6.86,16363 Kshlerin Union,Moenborough,California,India
325,Dr. Ronald Weissnat,ROLL1325,Dina_Daniel44@gmail.com,1-355-761-7042 x20115,Other,24,MECH,2,C,6.87,3338 N High Street,Schmidtfurt,Virginia,India
326,Virginia Kling,ROLL1326,Lia.Cronin98@gmail.com,463-552-5938 x9402,Female,18,ECE,2,C,8.89,498 The Causeway,Lefflerton,Vermont,India
327,Alton Wintheiser I,ROLL1327,Rosario_Walsh4@gmail.com,709-693-5636 x36393,Other,23,CIVIL,4,C,5.57,8034 Bay Street,West Jordan,Delaware,India
328,Caroline Spencer V,ROLL1328,Lucile0@yahoo.com,668.801.9783 x70177,Male,19,IT,3,D,6.27,6521 Miller Trafficway,East Mabelworth,Washington,India
329,Stewart Hayes,ROLL1329,Adrian40@gmail.com,417.375.7773 x4746,Other,25,EEE,1,A,9.34,5002 Spencer Lakes,Deborahtown,Arizona,India
330,Gustavo Halvorson DDS,ROLL1330,Lonie.Weber35@hotmail.com,(520) 220-1853 x640,Other,21,CIVIL,4,C,5.32,90504 Rosemarie Passage,Lorashire,Louisiana,India
331,Lula Kuhn,ROLL1331,Salvatore.Leffler26@hotmail.com,(909) 721-5699 x4280,Female,22,CSE,2,C,9.73,65143 Ashlee Mill,Howardhaven,Delaware,India
332,Ricky Kihn,ROLL1332,Lexi_Moore@hotmail.com,(764) 278-0919,Other,22,IT,4,B,6.84,51127 Kohler Cove,Thompsonmouth,New Hampshire,India
333,Glen Mayer III,ROLL1333,Ima.Stoltenberg@gmail.com,1-790-743-1248 x9931,Other,21,CSE,1,B,6.04,387 Arianna Meadow,Fort Gaetano,Indiana,India
334,Shannon O'Hara,ROLL1334,Alanna84@hotmail.com,(543) 815-4136 x171,Other,20,EEE,3,A,6.27,2769 VonRueden Courts,Adriennebury,Minnesota,India
335,Leigh Kozey,ROLL1335,Cooper.Purdy74@gmail.com,986-633-7099 x7443,Other,22,IT,3,B,5.90,595 Hane Lake,Austin,Delaware,India
336,Dexter DuBuque,ROLL1336,Moshe_Okuneva40@yahoo.com,898.762.3441,Male,18,IT,2,C,7.68,38266 Mill Close,Lake Franco,Louisiana,India
337,Stephanie Sipes,ROLL1337,Carolanne58@gmail.com,1-693-648-0269 x202,Other,21,IT,1,A,6.57,51539 Lee Street,Aishabury,Montana,India
338,Dr. Catherine Green,ROLL1338,Elmira.Rodriguez78@yahoo.com,331.786.3210 x7786,Other,22,EEE,1,A,6.30,7527 Jennie Spur,Downers Grove,Arkansas,India
339,Willard Konopelski,ROLL1339,Ines67@hotmail.com,1-444-392-3283 x77425,Other,25,MECH,2,C,8.17,688 Cole Greens,North Jeffery,Louisiana,India
340,Dr. Leland Hermiston,ROLL1340,Ines.Bogan31@hotmail.com,970-904-0968 x22488,Male,20,CIVIL,4,D,8.43,745 N Broadway,Rohnert Park,Ohio,India
341,Henry Swaniawski,ROLL1341,Floy38@gmail.com,1-810-763-7457,Other,19,CSE,1,C,5.51,5016 Caleb Route,Hutchinson,Delaware,India
342,Darnell Purdy,ROLL1342,Eddie.Collier1@yahoo.com,1-399-679-8374 x61474,Female,25,CSE,2,C,5.67,1045 Streich Dam,York,Rhode Island,India
343,Simon Champlin-Zboncak DDS,ROLL1343,Kaleigh_Conn@hotmail.com,(425) 338-9908 x148,Female,20,ECE,1,C,9.71,59336 The Spinney,Abbybury,Vermont,India
344,Miss Blanca Lockman,ROLL1344,Fredrick_Brakus54@yahoo.com,994-646-8433,Other,25,MECH,4,D,5.86,7786 S 2nd Street,Quigleyland,Wisconsin,India
345,Glenda Hammes,ROLL1345,Chauncey.Schamberger20@hotmail.com,1-709-428-6382,Female,25,ECE,4,B,5.69,328 W Broadway Avenue,Vancefield,Minnesota,India
346,Miranda Senger Jr.,ROLL1346,Clarissa72@hotmail.com,327.382.7201 x4110,Other,21,CSE,2,D,5.15,90871 Poplar Road,Kendricktown,Texas,India
347,Sherman Abbott,ROLL1347,Letha50@gmail.com,1-518-296-3150 x133,Female,19,CSE,4,B,7.37,829 S Division Street,Revere,South Dakota,India
348,Mr. Samuel Littel DDS,ROLL1348,Wellington_Feeney50@hotmail.com,(504) 894-2556 x953,Female,18,ECE,3,D,5.20,975 S Washington Avenue,Hamillberg,California,India
349,Diane Daugherty,ROLL1349,Baylee_Padberg1@gmail.com,347.778.0604 x232,Male,24,IT,3,D,8.83,23804 Carley Cliffs,Lake Carlo,Kentucky,India
350,Danny Bruen-Spinka,ROLL1350,Adolf21@gmail.com,1-478-340-5529 x48802,Other,22,CSE,1,B,7.11,8078 Zachariah Point,Novato,Pennsylvania,India
351,Adrian Kihn,ROLL1351,Vernon_Witting26@gmail.com,1-935-829-8012 x312,Female,20,IT,4,A,8.69,354 N 7th Street,Gleasonshire,Georgia,India
352,Gail Hansen Jr.,ROLL1352,Alden_Schuster39@hotmail.com,831-304-6029 x9716,Female,25,CSE,2,A,7.11,41972 S 9th Street,Fort Jaunita,North Dakota,India
353,Estelle Hagenes DDS,ROLL1353,Caesar56@gmail.com,763.536.6791 x49562,Male,21,CSE,1,B,8.27,684 County Road,O'Konmouth,Arkansas,India
354,Beverly Friesen,ROLL1354,Emilia3@gmail.com,732.209.2206 x508,Female,24,EEE,3,D,6.01,8579 Bruen Burg,Jefferson City,Missouri,India
355,Guadalupe Anderson,ROLL1355,Loren15@yahoo.com,(754) 236-2106,Other,25,IT,2,C,8.73,86250 Lebsack Ways,Lake Marcellestad,Colorado,India
356,Jeanne Collier,ROLL1356,Ava_Kiehn@yahoo.com,(249) 992-5045 x33952,Other,21,IT,3,C,8.97,66465 Maxwell Via,Port Chauncey,Illinois,India
357,Mr. Vincent Harvey,ROLL1357,Magnolia43@gmail.com,206-782-4950 x854,Female,24,ECE,4,A,6.21,36040 Willow Grove,Rohanton,Illinois,India
358,Johnny Morar,ROLL1358,Mozell_King-Miller@yahoo.com,603.298.6352 x932,Female,18,MECH,1,A,9.98,37703 Forest Road,Emmettfield,Wyoming,India
359,Rick Olson,ROLL1359,Eleonore_Altenwerth@gmail.com,(554) 810-8260 x163,Female,23,CSE,1,D,5.69,5052 Prohaska Highway,Joannyborough,Wyoming,India
360,Grant Hirthe,ROLL1360,Jaylon_Moen50@yahoo.com,(587) 255-1626 x9374,Female,19,EEE,1,A,9.64,47429 E Union Street,Lake Tre,Maine,India
361,Lela Durgan,ROLL1361,Alivia_Davis95@hotmail.com,1-798-926-6499,Male,23,CIVIL,4,B,7.99,65466 Malika Green,Bernhardtown,North Dakota,India
362,Dominick Vandervort,ROLL1362,Keven.Nader@yahoo.com,1-860-520-2319 x4548,Male,19,CIVIL,4,A,5.45,360 Kassulke Row,Lake Christophe,Louisiana,India
363,Jon Hermiston,ROLL1363,Yvonne_Friesen56@yahoo.com,492-922-2288 x166,Other,25,EEE,2,C,5.38,8364 Murazik Field,Cheyenne,South Dakota,India
364,Loren Ritchie,ROLL1364,Deven.Herzog@gmail.com,(489) 330-2697 x6783,Female,23,IT,1,D,9.62,32241 Kuvalis Valleys,Mesa,Idaho,India
365,Casey Kub Sr.,ROLL1365,Xander72@yahoo.com,1-952-461-1804 x7451,Female,22,CSE,2,B,8.32,2708 Rowan Close,Wymanview,Hawaii,India
366,Dr. Carlton Stanton,ROLL1366,Rafael45@hotmail.com,746.329.1021 x7752,Female,25,ECE,2,A,6.10,47134 Beverly Overpass,Palo Alto,Ohio,India
367,Corey Grady,ROLL1367,Raleigh79@yahoo.com,1-251-827-9459 x19999,Female,21,ECE,2,D,7.75,26775 Breitenberg Pine,East Vance,Connecticut,India
368,Dr. Rodolfo Nitzsche Jr.,ROLL1368,Norval.McClure@gmail.com,571-646-6323 x003,Other,20,CSE,3,C,6.66,445 Alia Extension,Abshirechester,Rhode Island,India
369,Doris Hermann,ROLL1369,Mckenzie_Botsford@yahoo.com,888-933-3084 x6098,Other,23,CSE,2,D,6.05,411 Gerard Track,Fort Jaquanbury,Maryland,India
370,Elijah Legros,ROLL1370,Loyal_Schneider37@gmail.com,1-301-673-2114 x11094,Other,18,MECH,1,C,6.89,828 Hillside Close,Lake Reillyborough,Georgia,India
371,Dr. Sergio Larson,ROLL1371,Linnea_Waelchi49@yahoo.com,(555) 737-6737 x794,Female,25,ECE,3,B,9.47,482 Hall Lane,Lake Grahamchester,West Virginia,India
372,Miranda Mertz I,ROLL1372,Ethel16@yahoo.com,(452) 849-1780 x928,Other,25,CIVIL,2,A,8.48,47781 VonRueden Rapid,Lowehaven,Virginia,India
373,Lorene Orn II,ROLL1373,Christelle.Terry@hotmail.com,483-636-7394 x743,Male,19,CSE,1,A,9.81,52550 Schultz Views,Fabianburgh,Kansas,India
374,Belinda Ritchie,ROLL1374,Cale.Schowalter73@hotmail.com,1-282-684-4426 x9177,Female,20,CSE,4,A,8.14,58417 Billy Route,Binghamton,Washington,India
375,Todd Zieme,ROLL1375,Savannah.Gerlach66@gmail.com,827-526-6568 x728,Male,25,ECE,1,D,8.74,546 Fahey Courts,Marcelleshire,Idaho,India
376,Ricky Bailey,ROLL1376,Molly.Waelchi76@hotmail.com,739-790-3625 x090,Female,25,CIVIL,2,B,8.26,805 Preston Forges,North Kamren,Rhode Island,India
377,Bobby Kihn,ROLL1377,Dayne29@hotmail.com,228-865-1709 x87879,Male,25,IT,4,B,9.55,3830 Block Corners,Ralphville,Illinois,India
378,Bonnie Nienow,ROLL1378,Elwyn.Hayes@hotmail.com,1-511-734-8034 x3986,Other,20,ECE,2,B,5.91,677 Hoppe Mall,El Cajon,Texas,India
379,Tony Legros,ROLL1379,Devin_Auer@gmail.com,1-432-441-8946 x977,Female,19,EEE,4,C,9.99,505 Amely Mountain,Watersbury,Florida,India
380,Jacquelyn Robel I,ROLL1380,Edison.Glover35@gmail.com,(461) 916-5327 x973,Other,25,EEE,4,A,7.57,5046 Hayes Estates,South Nyah,Idaho,India
381,Katrina Hahn,ROLL1381,Winifred37@gmail.com,1-491-444-9959,Other,20,MECH,1,A,6.51,75160 Quigley Junction,O'Connerville,Massachusetts,India
382,Kellie Kassulke Sr.,ROLL1382,Austyn_Jones@yahoo.com,846-980-4778,Male,23,CIVIL,2,D,8.34,13422 N Locust Street,South Marilyneshire,Idaho,India
383,Felicia Rosenbaum,ROLL1383,Quinton10@gmail.com,359.908.8381 x2210,Other,18,IT,4,C,6.62,5851 Hane Flat,Bentonville,Arizona,India
384,Miss Joy Ward III,ROLL1384,Donato_Tromp56@gmail.com,(265) 389-6891,Male,18,ECE,4,C,8.35,1171 Braun Canyon,El Monte,Montana,India
385,Leslie Schiller-Jaskolski,ROLL1385,Fleta.OConnell67@hotmail.com,1-823-242-1975,Other,23,CSE,4,B,6.71,49355 Senger Squares,Doral,Maryland,India
386,Samuel Dach,ROLL1386,Bertram8@gmail.com,(432) 317-6717 x05860,Female,24,MECH,2,A,9.17,521 Maggie Route,Port Lionel,Texas,India
387,Andy Farrell,ROLL1387,Dana_Kuhic21@yahoo.com,(744) 657-4162 x344,Male,18,EEE,3,D,8.12,51110 Damon Points,Hackettport,Michigan,India
388,Sam Gislason,ROLL1388,Fiona85@yahoo.com,231-721-6150,Male,24,CSE,2,C,5.10,7766 Fourth Avenue,Guillermofort,Delaware,India
389,Michelle Stoltenberg,ROLL1389,Marlon.Goodwin@yahoo.com,667-681-3692 x702,Male,22,CSE,3,D,5.55,3674 The Spinney,Albertostad,New Jersey,India
390,Mr. Gary O'Conner,ROLL1390,Sheila_Dickens15@hotmail.com,(989) 566-0748 x01246,Male,25,EEE,4,A,6.03,244 W North Street,West Ledaboro,Georgia,India
391,Cathy Homenick,ROLL1391,Eleanore.Collins25@gmail.com,(492) 922-9459 x2035,Male,25,EEE,1,A,6.39,8020 Austyn Ramp,Hauckboro,Texas,India
392,Jodi Bartell,ROLL1392,Merl29@hotmail.com,1-533-449-8255,Female,19,IT,3,B,6.61,8917 Bernhard Landing,East Ila,Mississippi,India
393,Janis Kris,ROLL1393,Rosario_Hilpert-Auer@gmail.com,(537) 855-4464 x3970,Male,19,MECH,2,A,9.49,7383 N 2nd Street,Rohnert Park,Minnesota,India
394,Jeanette Champlin,ROLL1394,Selmer_Simonis40@hotmail.com,353-739-0957 x65574,Other,24,CIVIL,4,B,5.76,1208 Dereck Stream,North Eveline,Illinois,India
395,Bryant Hahn III,ROLL1395,Stevie_Wuckert22@gmail.com,818.592.7491 x479,Female,22,CSE,1,A,6.65,4844 Maxie Ramp,Lake Pat,New Jersey,India
396,Stuart Lakin,ROLL1396,Karson81@hotmail.com,811.468.1141 x4764,Other,25,EEE,3,A,7.65,1880 Gutkowski Pine,New Cordiemouth,California,India
397,Susie Barton,ROLL1397,Justus72@yahoo.com,(866) 427-6936 x5582,Female,21,EEE,3,A,5.16,97033 Quarry Road,Port Lorenzoland,Arizona,India
398,Mr. Ivan Ward,ROLL1398,Hallie70@gmail.com,(450) 519-1653,Female,22,EEE,4,B,6.15,53442 Jaylin Harbor,Lake Ansel,Missouri,India
399,Lloyd Spinka,ROLL1399,Noe.Schumm27@yahoo.com,1-763-367-5070 x3293,Female,24,CSE,3,B,5.08,1857 Willy Flat,Hoegerborough,Ohio,India
400,Dr. Mercedes Berge,ROLL1400,Nicolette.Conroy32@hotmail.com,955.934.1747,Other,25,ECE,4,B,6.08,53791 N Market Street,Boganton,Washington,India
401,Jorge Jenkins,ROLL1401,Kaylee_Rosenbaum@gmail.com,(671) 989-1858 x3644,Male,22,CIVIL,2,C,9.00,9535 Oak Avenue,West Mitchel,Texas,India
402,Sherry Quigley,ROLL1402,Kelli60@gmail.com,358.822.9094 x151,Female,19,CSE,1,A,6.24,1192 Nathan Islands,Langworthtown,Mississippi,India
403,Elena Funk,ROLL1403,Linnea92@yahoo.com,652.663.0038 x8558,Female,22,ECE,2,C,8.09,85025 Kuvalis Villages,Bozeman,South Dakota,India
404,Dr. Jason Raynor,ROLL1404,Cristobal99@gmail.com,(687) 948-1421 x575,Female,20,CIVIL,3,A,5.25,5855 N Center Street,Jadonstad,Kentucky,India
405,Archie Willms,ROLL1405,Angelina52@yahoo.com,1-660-746-5273,Male,24,CIVIL,2,B,5.08,2363 Price Street,North Michaelside,New Hampshire,India
406,Angelina Ortiz,ROLL1406,Abdullah14@yahoo.com,480-503-4493,Male,20,ECE,2,D,8.78,8913 Zoey Hollow,Fort Creolaworth,Kentucky,India
407,Martin Kassulke,ROLL1407,Verona.Weimann@gmail.com,780-512-9288 x79835,Male,21,CSE,2,B,7.75,2706 Estefania Avenue,Novatown,Colorado,India
408,Inez White,ROLL1408,Clyde.Berge30@gmail.com,1-659-889-5581 x805,Male,25,ECE,2,D,6.12,8656 Kerluke Center,Howechester,Delaware,India
409,Devin Christiansen,ROLL1409,Dorothy75@hotmail.com,890-453-4609,Male,22,EEE,3,C,8.87,1762 Stanley Street,Grahamtown,Vermont,India
410,Bessie Nolan,ROLL1410,Ronaldo_Stehr-Hermiston34@yahoo.com,728.823.3183 x80952,Female,19,CSE,3,C,6.67,59052 Durgan Ford,Josianneburgh,Idaho,India
411,Judy Waters,ROLL1411,Lucious69@hotmail.com,813-368-2770 x2002,Other,19,EEE,3,C,6.83,998 Casper Club,West Verliestead,Washington,India
412,Mr. Enrique Cassin,ROLL1412,Rylee.Kohler-Murphy@yahoo.com,532.391.5098 x9516,Male,25,MECH,2,A,7.85,13552 Lawrence Street,West Alvinabury,Maine,India
413,Ricardo Parker III,ROLL1413,Lempi.Sauer70@yahoo.com,1-347-855-6150 x76910,Female,18,MECH,1,D,9.38,26130 Chapel Close,Fort Pierce,Wyoming,India
414,Ramona Aufderhar,ROLL1414,Hannah.Lindgren@yahoo.com,622-483-4758 x4653,Female,24,CIVIL,2,C,6.80,2634 S Jackson Street,South Myriam,Connecticut,India
415,Gloria Brown,ROLL1415,Bernardo.Sawayn@gmail.com,328.395.9343 x5408,Female,21,MECH,1,B,8.65,72977 Ebony Brook,Wintheiserfield,Minnesota,India
416,Eugene Kunde-Haag,ROLL1416,Francisca30@hotmail.com,694.849.5304 x20020,Female,25,EEE,4,A,7.91,1783 Tremblay Via,New Marcel,South Carolina,India
417,Dr. Jeanette Gutkowski,ROLL1417,Janessa.Spinka15@yahoo.com,759.372.0485 x209,Other,24,CIVIL,3,B,7.11,6193 Rowe Skyway,Ashburn,North Dakota,India
418,Dr. Bennie Schimmel,ROLL1418,Jovany.DAmore@gmail.com,1-523-660-6794 x130,Male,18,MECH,2,D,8.11,4455 Honeysuckle Close,Harristown,Kansas,India
419,Seth Effertz PhD,ROLL1419,Dangelo.Frami@gmail.com,200.740.3749 x22099,Female,22,MECH,1,B,6.82,3198 Hauck Roads,Adrainshire,Colorado,India
420,Clint Homenick,ROLL1420,Kim60@hotmail.com,(756) 303-5150 x616,Other,22,MECH,2,B,9.54,955 E Washington Street,Lake Vance,Alabama,India
421,Ms. Anne Beahan,ROLL1421,Maye91@hotmail.com,1-426-843-3457 x84732,Female,25,IT,3,C,5.39,527 Lodge Close,East Olafchester,Rhode Island,India
422,Shari Koch I,ROLL1422,Cordelia.Wyman58@gmail.com,588-853-3872 x41363,Other,24,CSE,1,B,6.91,438 Shemar Fords,Charityfurt,Mississippi,India
423,Henry Ward,ROLL1423,Jammie_Kris86@hotmail.com,1-898-365-3086 x737,Female,22,MECH,1,B,5.56,2172 Prospect Road,Waipahu,Michigan,India
424,Lorenzo King,ROLL1424,Gillian.Ritchie56@yahoo.com,738.436.6877 x21724,Female,24,IT,4,B,6.11,1495 Gibson Stravenue,Port Keenanstead,New Hampshire,India
425,Minnie Fadel,ROLL1425,Emmitt.Breitenberg@hotmail.com,562.918.9261 x87663,Female,22,CIVIL,3,B,7.82,45032 Gladstone Road,Herzogville,Delaware,India
426,Spencer Schroeder,ROLL1426,Isaiah86@yahoo.com,610.464.0021 x6477,Male,19,EEE,3,B,8.10,461 Senger Ranch,Hayesburgh,Wisconsin,India
427,Miss Sonia Friesen MD,ROLL1427,Jamil_Anderson@gmail.com,1-403-956-1150 x51330,Female,22,MECH,2,B,9.84,4952 Bonnie Spring,Deltona,Tennessee,India
428,Toni Wisoky,ROLL1428,Glen92@hotmail.com,714.756.6003 x0360,Male,18,CSE,3,C,6.09,498 Jovany Causeway,North Orin,Nebraska,India
429,Jerome Von,ROLL1429,Foster_Rutherford67@gmail.com,(205) 565-8372 x102,Male,23,MECH,3,D,7.13,7581 Katharina Curve,Fort Ferneport,Arizona,India
430,Timothy Berge,ROLL1430,Lilyan.Aufderhar67@hotmail.com,987-384-5819 x6933,Male,21,ECE,4,D,6.28,12843 Margarete Courts,Ashleeport,Nebraska,India
431,Mrs. Mabel Hahn,ROLL1431,Krista_Wolf67@gmail.com,1-745-274-9141,Male,19,IT,3,D,8.75,646 Marks Lake,Anastasiaburgh,Georgia,India
432,Joshua Stroman,ROLL1432,Floyd.Heidenreich42@gmail.com,420-208-9800 x713,Other,18,CIVIL,3,C,5.32,591 Ledner Run,New Guillermofurt,Illinois,India
433,Cynthia Bogisich,ROLL1433,Deangelo.Balistreri@gmail.com,810-323-1029 x034,Other,19,EEE,3,C,8.88,966 Walter Ports,East Benstad,Oklahoma,India
434,Jeffery Sawayn,ROLL1434,Willow.Block@yahoo.com,(713) 638-6343 x5518,Other,23,EEE,2,A,7.56,1371 Mount Street,Fort Jacey,Virginia,India
435,Francis Hegmann,ROLL1435,Arturo18@hotmail.com,641-971-4693,Other,23,EEE,3,A,6.72,11009 Makenna Junctions,Alfonzoside,Vermont,India
436,Caleb Turner IV,ROLL1436,Ewald.Kling59@yahoo.com,(762) 615-3017,Male,22,MECH,3,C,6.18,67199 Nolan Pine,Lake Magali,Tennessee,India
437,Colin Hettinger,ROLL1437,Lavinia0@yahoo.com,651.792.5977 x00890,Female,23,CSE,1,D,5.64,262 E High Street,East Brooke,Georgia,India
438,Vicki Morissette,ROLL1438,Daniela_Miller@hotmail.com,1-476-883-7335 x4859,Other,18,EEE,1,D,9.87,68156 Carolyn Drives,Stromanfurt,Iowa,India
439,Luther Moen,ROLL1439,Cornelius_Kuhlman72@hotmail.com,1-921-708-1761,Male,22,EEE,3,D,6.59,8843 Second Avenue,Framishire,Utah,India
440,Calvin Stiedemann MD,ROLL1440,Clifton.Bradtke@yahoo.com,946.940.3759 x8251,Male,21,CIVIL,1,A,8.30,11446 Marc Fork,East Heaven,Louisiana,India
441,Terry Torphy-Hayes,ROLL1441,Casper_Schultz@gmail.com,(819) 616-6806,Male,23,EEE,2,A,5.14,1586 Terry Gardens,Yonkers,Arkansas,India
442,Juanita Balistreri,ROLL1442,Orrin69@yahoo.com,(636) 640-1977,Female,22,MECH,1,D,7.89,5869 Simonis Island,Norman,California,India
443,Mr. Jody Ward MD,ROLL1443,Roel.Considine@hotmail.com,(832) 570-7829,Female,20,EEE,4,B,8.89,179 Floy Trail,Garrisonview,West Virginia,India
444,Mildred Turner II,ROLL1444,Catalina48@gmail.com,1-987-808-7777 x2865,Female,23,EEE,2,B,5.07,5202 Alia Court,Port Filiberto,Wyoming,India
445,Mrs. Agnes Ortiz DDS,ROLL1445,Troy.Nader@hotmail.com,897-292-8447 x483,Male,20,IT,3,A,8.24,49101 Vincent Keys,Lake Louiestead,West Virginia,India
446,Lena Kuphal IV,ROLL1446,Kiley.Monahan@hotmail.com,597.542.0425,Female,18,ECE,2,B,7.18,7460 Arianna View,Fort Vivianne,Indiana,India
447,Tracy Schimmel,ROLL1447,Estella_Hintz@gmail.com,842-727-8834,Male,25,IT,2,D,5.97,2196 E Washington Avenue,East Jared,Kentucky,India
448,Doreen Turner,ROLL1448,Savannah0@hotmail.com,(941) 921-9110 x619,Other,24,CSE,2,B,9.71,63791 Washington Avenue,Danaborough,California,India
449,Darrin D'Amore,ROLL1449,Elvis66@hotmail.com,1-599-942-1013 x1875,Female,22,CIVIL,4,C,8.21,4163 E 9th Street,Port Marcel,Indiana,India
450,Kim Hayes,ROLL1450,Kiel_Braun35@hotmail.com,(962) 693-1818,Female,20,CIVIL,2,B,7.23,2885 Marianne Mission,South Ardella,Michigan,India
451,Cary Rath,ROLL1451,Gerda_Altenwerth@hotmail.com,1-414-774-8923 x743,Other,20,IT,3,D,5.08,4181 Jenkins River,West Nicofield,Alaska,India
452,Peggy Satterfield,ROLL1452,Vesta.Lynch@hotmail.com,907.834.0962 x869,Male,25,EEE,4,B,6.75,93626 Fourth Avenue,North Justusfurt,Kentucky,India
453,Wanda Simonis,ROLL1453,Mervin.Roberts@yahoo.com,(211) 787-4292 x471,Female,23,IT,1,A,9.16,404 The Avenue,Oak Park,Pennsylvania,India
454,Omar Feeney,ROLL1454,Erwin_Toy@yahoo.com,636.822.6444,Female,24,EEE,1,C,9.35,702 Cora Valleys,Gerryfurt,South Dakota,India
455,Dr. Lyle Williamson,ROLL1455,Willard_Grimes66@yahoo.com,772.958.8595 x9523,Male,18,MECH,4,C,5.95,6182 Back Lane,Naperville,Nebraska,India
456,Miguel Reynolds,ROLL1456,Maureen22@hotmail.com,288-402-5473 x8569,Female,25,ECE,1,B,7.95,61862 Price Ridge,Ritchieboro,Virginia,India
457,Judy Lakin,ROLL1457,Dayton14@gmail.com,560-803-9783 x197,Male,23,EEE,2,C,8.97,4983 Green Street,Tacoma,California,India
458,Tami Kihn,ROLL1458,Kameron97@hotmail.com,1-395-713-1562 x3603,Male,22,CSE,3,D,8.36,556 Sauer Locks,Fort Vivahaven,Wyoming,India
459,Emmett Fisher-Streich,ROLL1459,Elmer76@hotmail.com,(596) 609-5014,Other,22,IT,3,B,9.20,221 W Broadway Avenue,Wildermanmouth,Massachusetts,India
460,Denise Deckow,ROLL1460,Zoey_Stokes@hotmail.com,(616) 508-0934 x275,Female,25,MECH,2,D,9.36,863 June Shore,Port Madonna,Alaska,India
461,Mr. Gene Hoppe,ROLL1461,Enid.Cummerata92@hotmail.com,1-940-295-9042 x35270,Male,22,ECE,2,C,7.64,32350 Germaine Common,West Gladysmouth,Massachusetts,India
462,Linda Wiza,ROLL1462,Zoe_Rippin68@yahoo.com,947-416-5893 x273,Other,18,EEE,3,A,6.09,1393 Reinger Lake,Bolingbrook,New Jersey,India
463,Dr. Elmer McLaughlin,ROLL1463,Ramon32@hotmail.com,430.661.4676 x5041,Other,25,IT,3,B,5.63,6390 Sycamore Close,Fort Henderson,Connecticut,India
464,Herbert Wunsch,ROLL1464,Ansley.Mante58@yahoo.com,1-422-240-3603 x4155,Other,24,CSE,4,C,6.59,6295 Lesch Courts,Guaynabo,Delaware,India
465,Stuart Veum,ROLL1465,Alfredo_Stracke65@gmail.com,354.841.3795,Male,18,MECH,3,A,7.49,953 Nicolas Ford,Fort Demetrisfort,Ohio,India
466,Dr. Tamara Cassin,ROLL1466,Johnpaul0@yahoo.com,1-721-979-4789 x7793,Male,25,CSE,4,A,8.83,75832 Homenick Club,East Araceliworth,Utah,India
467,Marta Considine,ROLL1467,Jeanie94@yahoo.com,1-667-386-8546 x7282,Other,24,MECH,4,D,6.43,8568 The Mount,The Hammocks,West Virginia,India
468,Terri Jacobson-Raynor III,ROLL1468,Lillie_White@yahoo.com,1-926-423-5364 x1772,Male,18,CSE,1,B,7.91,668 Lehner Hills,Hilberthaven,South Carolina,India
469,Mr. Jody Hettinger PhD,ROLL1469,Karlee_Wilkinson@yahoo.com,762-578-1718 x001,Male,21,IT,1,B,9.21,201 Rylee Extensions,Lake Gerhard,Michigan,India
470,Ronald Durgan,ROLL1470,Immanuel_Gusikowski@yahoo.com,(685) 995-9439 x90912,Other,20,CIVIL,1,B,5.35,27754 MacGyver Plains,North Ava,Maryland,India
471,Ethel Mills,ROLL1471,Mariano31@gmail.com,413.235.4533 x37877,Other,24,CSE,4,D,5.34,2575 Tamia Estate,Schmelerview,Tennessee,India
472,Mack Howe-Kassulke,ROLL1472,Arnold.Johnson@yahoo.com,1-627-623-6922 x39590,Male,21,EEE,1,D,9.13,73406 Karen Lights,Port Maximilliafort,New York,India
473,Jody Schaefer DVM,ROLL1473,Vida19@hotmail.com,593-506-8478 x41757,Male,25,MECH,3,D,7.75,603 Hill Street,New Matilda,Alaska,India
474,Jaime O'Connell,ROLL1474,Trevion.Runte@gmail.com,1-956-489-0681 x8172,Female,24,IT,4,D,9.43,1083 Mark Pine,Adelbertberg,Maine,India
475,Cecil Mitchell-Jacobs,ROLL1475,Lawson_Macejkovic-Thiel@gmail.com,233.411.1319 x764,Female,19,CSE,1,B,7.34,6988 Chapel Street,Wisozkbury,Alabama,India
476,Janie Bashirian,ROLL1476,Cade_Langworth30@yahoo.com,(513) 417-5376 x3586,Female,21,MECH,1,C,9.23,762 Lucinda Valley,South Madalyn,Minnesota,India
477,Raul Walker-Deckow,ROLL1477,Cody_McGlynn@yahoo.com,371.833.8581 x774,Female,22,IT,4,A,8.06,8868 Lynch Branch,Port Rashad,Connecticut,India
478,Carlos Langworth,ROLL1478,Hailey.Daugherty86@yahoo.com,1-935-565-6431 x832,Male,25,ECE,4,C,9.49,5746 Watery Lane,Eastvale,Maryland,India
479,Ms. Beulah Weissnat,ROLL1479,Hailie.McClure39@yahoo.com,389.523.5608,Male,25,CIVIL,1,C,7.65,862 Martin Luther King Jr Boulevard,Rogerton,Indiana,India
480,Mr. Randy Abshire,ROLL1480,Warren.Beer74@hotmail.com,514-804-9942 x33545,Male,18,MECH,3,A,8.10,85304 Gladyce River,Woodrowburgh,Michigan,India
481,Marguerite Rodriguez,ROLL1481,Pat_Keebler@hotmail.com,725.552.9680 x72069,Male,21,MECH,2,D,5.45,982 Laurence Path,Yolandaland,Kansas,India
482,Susie Konopelski,ROLL1482,Darby_Deckow49@yahoo.com,365.810.3375 x63191,Female,24,EEE,2,A,6.64,81554 Yost Extensions,Shanonmouth,Washington,India
483,Lucille Hintz,ROLL1483,Deshawn_Bartoletti@yahoo.com,(875) 714-1317,Other,19,CIVIL,2,B,8.60,1527 Washington Avenue,North Adonisfurt,Maine,India
484,Arnold Schmeler,ROLL1484,Agnes62@yahoo.com,546.549.6086 x774,Other,22,MECH,4,C,6.77,7915 Dickens Street,New Austin,Montana,India
485,Dr. Megan Green,ROLL1485,Deangelo.Willms-Kris@hotmail.com,679-691-5026 x771,Male,18,IT,4,B,6.41,8431 Kuhlman Keys,Jameyfurt,Virginia,India
486,Tami Moore,ROLL1486,Roderick23@hotmail.com,660-847-1975 x4108,Male,21,EEE,4,C,8.45,361 Rolfson Summit,Port Michellefort,Montana,India
487,Victoria Gleichner,ROLL1487,Kevon18@yahoo.com,756.641.1332,Male,18,ECE,3,A,9.34,8324 Trenton Lakes,East Alford,Wyoming,India
488,Dr. Luis Pfannerstill,ROLL1488,Kevin.Wintheiser-Gottlieb@yahoo.com,753-837-2799 x532,Other,18,MECH,2,C,8.40,4170 Korbin Hills,New Leeberg,West Virginia,India
489,Carroll Stroman,ROLL1489,Justice_Von-Luettgen51@hotmail.com,710-652-4593,Other,23,ECE,1,A,6.57,940 Mills Road,South Raegan,New Jersey,India
490,Jeannie Kuvalis,ROLL1490,Estevan25@gmail.com,(614) 285-6563 x580,Other,24,ECE,3,C,8.83,24519 Schinner Valley,North Karlie,Illinois,India
491,Gregg Hackett,ROLL1491,Okey_Schmeler-Rohan@yahoo.com,662.248.2889 x0909,Male,22,CIVIL,4,A,7.32,2892 Claudia Trail,Fall River,Kentucky,India
492,Dr. Randal Cummings,ROLL1492,Flossie_Stiedemann83@hotmail.com,679-290-1659 x95538,Other,18,CIVIL,2,A,5.47,96941 Robel Greens,Meridian,North Carolina,India
493,Dr. Doug Gutmann,ROLL1493,Adelle89@yahoo.com,1-949-560-3265 x6104,Other,22,IT,3,D,8.05,35639 Morton Knoll,New Carletonchester,Minnesota,India
494,Pedro Altenwerth DVM,ROLL1494,Althea34@yahoo.com,1-644-865-7229 x3230,Female,21,EEE,2,D,7.07,79353 Ewell Isle,Spencerfort,West Virginia,India
495,Ollie Welch,ROLL1495,Rahsaan11@hotmail.com,1-905-489-3633 x57400,Male,23,ECE,3,C,5.07,77984 Spencer Circles,Rosamondside,Indiana,India
496,Cameron Durgan,ROLL1496,Armand_Simonis36@yahoo.com,848.606.1544,Female,24,CSE,3,A,7.75,36103 Cliff Road,Manuelboro,South Carolina,India
497,Kenneth Bogan-Brown,ROLL1497,Karolann.Russel65@yahoo.com,438.694.2238 x85490,Female,19,MECH,2,A,9.58,353 Stanley Road,Ivaberg,Colorado,India
498,Drew Schaden,ROLL1498,Jayson.Schuster74@hotmail.com,(385) 247-5477 x8252,Other,20,CIVIL,3,D,7.93,814 Brock Plain,Rubyside,Illinois,India
499,Ms. Stella Feil PhD,ROLL1499,Adrien.Luettgen-McClure@gmail.com,(310) 490-8448 x770,Other,23,IT,3,D,7.02,4484 Hubert Trace,Fort Floyville,Arkansas,India
500,Anita Muller,ROLL1500,Verona.Blick27@gmail.com,864.450.9632,Male,19,MECH,4,A,9.44,4391 Emile Throughway,North Lucyhaven,Connecticut,India
501,Miss Courtney Christiansen,ROLL1501,Wiley_Cronin@yahoo.com,931.997.6369 x3557,Other,24,IT,2,D,5.38,9864 Greenwood Road,Ninaborough,Montana,India
502,Clifford Lesch,ROLL1502,Jaleel.Frami@yahoo.com,811.487.6534 x511,Other,23,IT,2,C,6.65,37540 Brookside,Nadershire,Kentucky,India
503,Harold Bogan,ROLL1503,Marlen_Grant@gmail.com,984.861.4252 x34783,Other,21,EEE,1,C,5.98,755 Brian Pike,Faheyfort,Kentucky,India
504,Pam Blick,ROLL1504,Conor_Tremblay@hotmail.com,(614) 500-9555,Female,18,ECE,3,C,5.70,151 Pauline Stream,West Janie,Rhode Island,India
505,Irma Lindgren,ROLL1505,Dante.Frami@gmail.com,1-536-817-9064,Female,23,EEE,2,C,8.91,27146 Alta Square,Aspen Hill,New Hampshire,India
506,Vera Langworth,ROLL1506,Louisa_Harvey@yahoo.com,652.520.7770 x6966,Female,25,IT,1,C,6.31,66494 Roderick Camp,Homestead,Texas,India
507,Andy Torp,ROLL1507,Neha_Labadie@hotmail.com,1-828-987-2408,Other,20,CSE,2,C,7.45,17253 Satterfield Pike,Rennerburgh,Maryland,India
508,Wendy Fahey,ROLL1508,Will.Lynch65@gmail.com,710.286.5921 x241,Other,24,EEE,3,A,8.15,1726 Atlantic Avenue,Adrianaville,California,India
509,Darrel Pfeffer,ROLL1509,Isadore57@gmail.com,(715) 983-2933 x07672,Other,25,MECH,3,D,6.99,44546 Birch Grove,New Jazmyn,Nebraska,India
510,Simon Kling,ROLL1510,Ignatius_Abshire4@hotmail.com,(368) 921-6828 x286,Other,18,ECE,3,A,6.39,520 Adams Street,Metzboro,Louisiana,India
511,Erik Hamill,ROLL1511,Arturo_Huels@gmail.com,(782) 457-3761,Female,23,CSE,1,D,6.83,5302 Kautzer Lights,Lake Remingtonport,Alabama,India
512,Veronica Hills,ROLL1512,Oral_Hermiston85@yahoo.com,1-283-563-0073 x24719,Male,22,IT,1,A,6.14,5681 Maximilian Locks,Conroe,Nevada,India
513,Sophia Sawayn Jr.,ROLL1513,Nikita.Wunsch38@gmail.com,(396) 947-6883 x8920,Female,19,IT,4,A,9.99,821 Alford Locks,Zechariahland,Connecticut,India
514,James Dickens,ROLL1514,Isaac.King@hotmail.com,1-211-711-0412 x71533,Male,20,ECE,1,A,8.65,36690 Market Place,Aubreycester,North Dakota,India
515,Dr. Norman Haley DVM,ROLL1515,Moshe88@gmail.com,361.386.8829 x44144,Male,18,CSE,2,B,9.66,716 Bosco Wall,West Jazmynecester,Florida,India
516,Sharon Jacobi,ROLL1516,Jessie95@yahoo.com,343-929-5456 x541,Male,20,MECH,3,B,6.77,26703 Lincoln Avenue,East Stephan,Delaware,India
517,Natasha Wolff,ROLL1517,Jaime_Miller@yahoo.com,814.389.2165 x20168,Male,19,EEE,4,D,8.42,6441 W Main,Grantfield,Alabama,India
518,Rhonda O'Kon,ROLL1518,Zora.Goodwin37@yahoo.com,648.596.8522,Other,18,ECE,2,D,6.49,121 Hyatt Springs,Lake Rubye,Wisconsin,India
519,Jorge Lind,ROLL1519,Joseph88@gmail.com,876.582.7428 x821,Male,18,CIVIL,3,D,7.44,91038 Reanna Union,Schowalterland,Kentucky,India
520,Mack Crona,ROLL1520,Vesta52@yahoo.com,526.579.2913 x0665,Other,18,EEE,1,A,6.24,47261 State Avenue,Lake Kathleenfurt,Idaho,India
521,Violet Fisher,ROLL1521,Nellie98@yahoo.com,447.930.9641,Female,23,IT,1,D,6.04,854 Audie Route,North Rowenatown,Connecticut,India
522,April Bergstrom,ROLL1522,Efrain_Price54@hotmail.com,1-271-308-6647 x849,Male,22,CSE,3,D,7.77,42428 Manor Close,Fredericside,Alaska,India
523,Miss Rochelle Runolfsson,ROLL1523,Jo_Stokes@yahoo.com,(358) 748-3955,Male,21,EEE,3,B,7.65,4419 Pfannerstill Knoll,Catalina Foothills,Georgia,India
524,Stella Klein,ROLL1524,Vena97@hotmail.com,956.696.0901 x26943,Female,22,ECE,4,B,6.16,398 Earnestine Centers,North Germanview,Alaska,India
525,Miss Christie Mayer Sr.,ROLL1525,Barbara_Schaefer@hotmail.com,797-398-8185 x1020,Male,24,IT,2,A,7.97,586 E 14th Street,Anyastead,Idaho,India
526,Gretchen Witting,ROLL1526,Kirk_Bins@yahoo.com,(753) 895-5439 x2938,Female,20,CIVIL,2,D,5.60,6556 Buckridge Court,South Meggie,South Carolina,India
527,Mrs. Adrienne Runolfsdottir,ROLL1527,Jada_Macejkovic46@yahoo.com,1-910-691-8932,Other,25,EEE,3,D,8.66,622 Harris Valleys,Schowalterland,West Virginia,India
528,Douglas Boyer,ROLL1528,Jules_Leannon@gmail.com,576-749-7226 x724,Female,20,EEE,4,B,6.70,62485 Hessel Common,Haleyborough,South Carolina,India
529,Roberto Hintz,ROLL1529,Victor.Daugherty83@yahoo.com,1-242-474-2275 x003,Female,25,CIVIL,1,A,6.33,747 Victoria Road,Cummingsberg,Arkansas,India
530,Eula Hills,ROLL1530,Earlene41@hotmail.com,(443) 605-6109 x111,Female,23,ECE,3,C,8.71,808 Shany Spurs,Pricecester,Arizona,India
531,Dr. Patsy Friesen IV,ROLL1531,Tyrell_Price@yahoo.com,1-455-739-5626 x478,Male,20,ECE,1,A,6.72,6182 Cloyd Heights,Kayceefield,Colorado,India
532,Jorge Quitzon,ROLL1532,Keven_Lindgren@yahoo.com,262-442-6257,Other,18,CIVIL,2,B,5.44,574 Clara Creek,Littelboro,Kansas,India
533,Ms. Myrtle Marvin DDS,ROLL1533,Elton98@gmail.com,393-274-6395,Other,25,CSE,3,B,9.32,87910 Hall Street,Muellerborough,Illinois,India
534,Johanna Jacobson III,ROLL1534,Maximo87@gmail.com,1-495-221-1443 x8625,Other,24,ECE,3,A,7.22,790 Roberts Stravenue,Fort Kenton,Colorado,India
535,Sarah Schmeler MD,ROLL1535,Karson.Mayer73@gmail.com,(424) 710-1664,Male,20,IT,2,C,9.11,71635 Ebert Streets,Elouisefield,Oregon,India
536,Jennie Waters,ROLL1536,Norma_Gutkowski93@hotmail.com,1-830-845-2214 x5399,Male,21,MECH,2,C,7.82,174 Walnut Street,Schillerville,Montana,India
537,Wallace Bruen,ROLL1537,Nathan.Schoen89@hotmail.com,(963) 948-6361,Other,25,ECE,2,B,6.43,969 Mayfield Road,North Vivianne,Colorado,India
538,Jamie Gislason,ROLL1538,Ramona.Cartwright@yahoo.com,863.783.6293 x46678,Male,19,CSE,1,B,8.34,85479 Guadalupe Garden,West Marquisville,Arkansas,India
539,Dr. Vickie Nikolaus,ROLL1539,Price84@yahoo.com,825.333.9347,Male,23,CSE,1,D,8.50,755 Schultz Glens,Port Gerald,Nebraska,India
540,Arturo Durgan,ROLL1540,Jeanie.Williamson@gmail.com,883.914.6232,Male,22,IT,1,C,5.77,73756 Wren Close,Littelchester,Wisconsin,India
541,Randal Jones,ROLL1541,Curtis48@yahoo.com,729-789-1651 x32742,Male,22,EEE,2,B,8.71,9616 Darwin Dam,Hendersonville,Oklahoma,India
542,Rochelle Lockman,ROLL1542,Corbin.Considine@hotmail.com,(460) 332-4621 x803,Female,25,IT,3,A,5.32,123 Lela Plains,Lake Estrellafield,Ohio,India
543,Marjorie Schaefer Jr.,ROLL1543,Nikki.Von37@gmail.com,482-211-5648 x8725,Male,20,EEE,2,C,6.49,5252 Schneider Light,North Olaf,Alabama,India
544,Miss Rhonda Kreiger I,ROLL1544,Hazel_Hilll@gmail.com,760.939.6440 x756,Male,19,IT,4,C,8.95,23300 Dach Stravenue,Port Jesusport,Alaska,India
545,Harold O'Connell V,ROLL1545,Kara.Hilpert27@yahoo.com,1-513-574-0385,Male,25,IT,3,D,9.81,2829 Stoltenberg Canyon,West Jameymouth,Colorado,India
546,Shane Gerhold,ROLL1546,Lucie_Leffler@gmail.com,1-550-691-6556 x926,Other,22,MECH,4,C,9.41,92844 White Glens,Redding,South Carolina,India
547,Miss Winifred Quitzon,ROLL1547,Elva.Brekke-Schulist57@gmail.com,781-659-7031,Other,24,EEE,2,A,5.80,480 Chestnut Street,Council Bluffs,Pennsylvania,India
548,Hilda Schmidt I,ROLL1548,Mellie80@hotmail.com,518.421.3988 x5779,Other,23,ECE,4,C,6.55,457 Herta Brooks,Paulastad,Louisiana,India
549,Belinda Friesen,ROLL1549,Wyatt_Tremblay@gmail.com,(806) 900-2594 x519,Other,20,CIVIL,2,A,6.35,98237 Santa Mission,Konopelskiboro,Georgia,India
550,Beth Hahn,ROLL1550,Dangelo.Raynor@hotmail.com,212-729-0274,Male,24,CSE,1,C,5.26,83201 Ankunding Parkway,Naomieton,Indiana,India
551,Ricky Champlin,ROLL1551,Gabriel_Considine@gmail.com,807.913.9916,Male,24,EEE,3,C,7.02,826 Maureen Lake,Thaddeusburgh,California,India
552,Timothy Rodriguez,ROLL1552,Favian_Sporer-Powlowski86@yahoo.com,1-555-824-3044 x0378,Other,23,EEE,2,A,5.60,3591 Howe Trail,Terre Haute,Arizona,India
553,Larry Bauch-Walsh,ROLL1553,Andre92@yahoo.com,1-502-284-2674 x27404,Male,24,EEE,3,A,5.90,941 Derwent Close,Port Gracielahaven,Idaho,India
554,Perry Bruen,ROLL1554,Jaime.Murphy@yahoo.com,693.408.4671 x0858,Female,18,EEE,3,A,6.00,224 Stracke Harbor,Howefield,Louisiana,India
555,Alejandro Hilll,ROLL1555,Donny93@hotmail.com,323.929.8237 x3354,Female,25,CSE,4,D,6.95,664 Botsford Pines,Evansville,Connecticut,India
556,Patricia Lueilwitz,ROLL1556,Caleb25@yahoo.com,(981) 817-5637 x007,Male,22,ECE,2,C,8.90,16947 N Franklin Street,Bruenworth,Pennsylvania,India
557,Silvia Lind,ROLL1557,Georgiana.Schulist97@hotmail.com,1-554-233-6057 x83738,Female,25,EEE,4,C,8.96,23424 S Mill Street,East Fae,Alaska,India
558,Vanessa Schoen,ROLL1558,Evangeline.Dach85@gmail.com,723.456.1924 x9226,Other,22,IT,3,A,5.94,666 Murphy Garden,Tustin,Hawaii,India
559,Zachary Kuhic,ROLL1559,Lazaro.Wilkinson@hotmail.com,715.209.5842,Female,19,MECH,2,B,6.73,5802 West End,Strongsville,Georgia,India
560,Terry Harvey,ROLL1560,Tyrique50@gmail.com,271-368-4679 x4277,Male,19,EEE,1,B,7.25,3485 New Road,Tierraworth,North Carolina,India
561,Kathleen Bosco,ROLL1561,Alvena.Zulauf84@yahoo.com,1-600-992-3824 x117,Male,20,MECH,4,A,6.85,35520 Flavie View,Lake Joseboro,Mississippi,India
562,Tracy Metz,ROLL1562,Hiram17@gmail.com,(950) 789-4233 x3977,Male,24,IT,4,D,5.40,1210 Witting Ranch,Thomasboro,Indiana,India
563,Shelia Ebert,ROLL1563,Jazmin88@gmail.com,1-416-334-8804 x261,Other,20,CSE,2,B,5.18,135 S Center Street,New Timmothy,Oklahoma,India
564,Jill Stokes,ROLL1564,Juliana8@hotmail.com,313.458.2112 x619,Female,24,CSE,1,D,5.23,8908 9th Street,Port Christaland,Virginia,India
565,Tammy Gerhold,ROLL1565,Kenny_Thiel@yahoo.com,(776) 527-1146 x77922,Male,22,CSE,1,C,7.35,7297 Lesch Isle,South Thadbury,Texas,India
566,Moses Lockman Sr.,ROLL1566,Lavern77@yahoo.com,647.275.0836 x98035,Male,22,ECE,2,C,9.67,936 3rd Street,New Corene,Kentucky,India
567,Maurice Gutmann,ROLL1567,Mozell_Swift@gmail.com,444.435.0873,Female,18,CSE,4,D,8.36,8396 Alessandro Cliff,Port Presleyhaven,Hawaii,India
568,Heather Homenick,ROLL1568,Billy_Daniel@gmail.com,442.824.9510 x018,Other,20,MECH,3,A,8.73,6627 Shaylee Key,Diannaton,Wisconsin,India
569,Krystal Lynch,ROLL1569,Elva_Franecki@hotmail.com,1-364-426-9133,Male,24,EEE,4,C,5.30,7359 Allie Inlet,Fort Lorenshire,Colorado,India
570,Darrel Hauck,ROLL1570,Madison23@hotmail.com,(547) 811-3687 x26745,Other,21,CIVIL,1,D,7.74,35372 Warren Close,Menifee,Nevada,India
571,Brenda Nienow,ROLL1571,Howard.Boyer8@yahoo.com,819.870.8204 x71313,Other,18,CSE,4,B,8.28,2711 Kuhlman Meadows,West Darrellshire,Hawaii,India
572,Vicki Feil,ROLL1572,Tevin.Parker77@hotmail.com,(598) 487-4152 x66430,Male,22,ECE,1,D,7.87,88838 Honeysuckle Close,Tallahassee,Florida,India
573,Kara Kihn Jr.,ROLL1573,Jamel_Mertz85@gmail.com,210-470-5547 x5574,Male,20,CIVIL,4,B,7.80,908 Gladstone Road,Port Celineshire,Alaska,India
574,Wilma Glover,ROLL1574,Lafayette.Von@gmail.com,(294) 640-1848 x31916,Female,19,MECH,4,C,7.31,1908 Audreanne Port,San Jose,Rhode Island,India
575,Jay Fadel,ROLL1575,Holden_Bosco@gmail.com,1-879-555-2866 x66828,Female,20,ECE,2,B,7.00,37545 Hessel Hills,East Carey,Utah,India
576,Dwayne Bogan Sr.,ROLL1576,Aron43@hotmail.com,389-813-9571 x77162,Female,20,IT,3,B,7.79,378 Goldner Well,North Roscoeside,Tennessee,India
577,Dr. Clayton Metz,ROLL1577,Destany_Bashirian70@gmail.com,883.473.2105 x5588,Female,22,CSE,2,A,7.48,7416 Fletcher Branch,Lake Adriennefort,Georgia,India
578,Maureen Steuber,ROLL1578,Elian26@yahoo.com,(936) 501-1872 x81538,Female,18,MECH,1,B,5.20,22332 E South Street,Fort Hannabury,Georgia,India
579,Terry MacGyver,ROLL1579,Bertrand_Strosin@hotmail.com,1-431-501-7494,Female,19,EEE,1,D,7.33,45115 Brook Street,North Ashlynnfurt,Missouri,India
580,Terrell Bins,ROLL1580,Verner_Schaefer@hotmail.com,1-940-349-3904 x32222,Female,18,IT,4,C,6.34,127 Vida Villages,East Destineyton,Nebraska,India
581,Latoya Metz,ROLL1581,Pink_Jerde@yahoo.com,1-390-414-3895 x5262,Female,21,CSE,1,B,8.34,36292 Eveline Knoll,Lake Marisa,Arizona,India
582,Mr. Dwight Halvorson,ROLL1582,Domenick_Larson@yahoo.com,921-417-9469 x491,Female,20,IT,3,C,9.77,9389 Marsh Lane,East Shanon,South Dakota,India
583,Ms. Mae Flatley,ROLL1583,Jaime20@hotmail.com,1-776-546-4772 x9322,Female,23,IT,4,B,9.19,798 Water Lane,Fond du Lac,Kentucky,India
584,Lauren Rutherford,ROLL1584,Zora.Paucek@gmail.com,878.841.1085,Other,25,CSE,4,C,6.94,385 Walton Meadow,East Rosemary,South Carolina,India
585,Miguel Gorczany Jr.,ROLL1585,Armando_OKeefe38@yahoo.com,489-429-8168 x4043,Female,18,CIVIL,1,D,6.48,545 Hauck Groves,Malloryworth,Wisconsin,India
586,Ricardo Bayer Sr.,ROLL1586,Mallory63@gmail.com,(611) 668-8955 x052,Other,20,CIVIL,2,B,5.93,24762 Cliff Road,Jacobsland,Pennsylvania,India
587,Danielle Marks,ROLL1587,Steve.Hackett0@gmail.com,988.332.1680,Other,23,CIVIL,2,B,5.35,9372 Shemar Square,South Angelinaview,Washington,India
588,Ollie Funk,ROLL1588,Beau.Zemlak14@gmail.com,760-607-4506 x0889,Male,22,CIVIL,4,D,5.89,774 Enrico Ferry,Oro Valley,Nevada,India
589,Stephanie Keebler,ROLL1589,Isac_Klocko@yahoo.com,222.644.3351 x96134,Male,23,CIVIL,2,B,5.15,83819 Karlie Station,East Cristian,North Dakota,India
590,Courtney Ryan MD,ROLL1590,Reta_Larson@yahoo.com,333-801-0950 x711,Male,18,CSE,2,C,7.28,996 Cow Lane,North Zion,Kansas,India
591,Emmett Barrows,ROLL1591,Burdette_Lind53@hotmail.com,1-919-986-2735 x3493,Other,25,CIVIL,4,D,7.61,2795 The Willows,Cedar Hill,West Virginia,India
592,Irene Vandervort,ROLL1592,Elwyn_Roberts@hotmail.com,1-717-434-8479 x2790,Other,21,MECH,2,C,9.44,85263 Marvin Run,Garricktown,Florida,India
593,Lori Emmerich,ROLL1593,Brooklyn.Beer@yahoo.com,1-276-568-4796 x0322,Male,21,CIVIL,1,A,6.60,101 Kristoffer Estate,Hansenfurt,Oregon,India
594,Kathy Cassin,ROLL1594,Sister_Heidenreich46@hotmail.com,343.258.0346,Female,24,IT,4,C,8.68,30566 Nedra Gateway,Weststad,Arkansas,India
595,Ian Gorczany,ROLL1595,Braxton69@hotmail.com,(633) 698-7855 x3140,Other,24,IT,2,B,9.81,48896 Park Place,Lake Jillian,Alaska,India
596,Corey Hayes,ROLL1596,Cruz.Mosciski13@hotmail.com,(382) 526-0434 x353,Other,25,EEE,1,A,7.41,123 Dietrich Course,South Arielle,Arkansas,India
597,Hope Predovic,ROLL1597,Gussie.Beahan31@hotmail.com,1-595-992-1244,Male,20,ECE,4,D,8.03,429 Vicarage Lane,Vineland,New Mexico,India
598,Ms. Olivia Stark-Dach DDS,ROLL1598,Nannie_Nikolaus@hotmail.com,1-889-232-6420 x1990,Male,23,CIVIL,1,D,6.36,254 Casper Junction,Fort Jordi,Wisconsin,India
599,Jodi O'Keefe,ROLL1599,Zaria25@hotmail.com,1-768-618-2177 x19830,Male,19,CSE,2,B,9.08,82764 S Grand Avenue,Palm Bay,Minnesota,India
600,Ms. Tasha Collins I,ROLL1600,Florence61@gmail.com,1-377-729-3565,Other,21,CIVIL,2,A,7.32,81863 James Street,South Otis,Kentucky,India
601,Cody Thompson,ROLL1601,Sarah.Padberg20@gmail.com,282.960.7766 x860,Female,20,EEE,2,C,6.37,5674 Gusikowski Pike,Lake Cory,New Jersey,India
602,Marcus Grady,ROLL1602,Bernardo_Moen@gmail.com,(690) 546-5999 x865,Other,18,MECH,1,C,6.62,72280 Kaia Squares,Port Evangeline,Maine,India
603,Kristen Emmerich,ROLL1603,Cleo_Bechtelar38@gmail.com,232.584.5663 x4677,Female,18,MECH,1,B,9.63,15026 Elinor Trail,Gradyboro,New York,India
604,Mrs. Janis Abernathy,ROLL1604,Mario.Thompson86@gmail.com,873.988.8542,Male,24,CSE,2,C,5.65,230 Kilback Cove,East Alexane,Georgia,India
605,Elijah Hagenes,ROLL1605,Missouri.Russel88@hotmail.com,851-260-2262 x466,Male,18,CIVIL,2,A,6.62,63054 Franecki Underpass,Cedar Park,Idaho,India
606,Jean Cronin-Green,ROLL1606,Heidi25@yahoo.com,894.978.2592,Male,23,IT,4,C,8.76,95880 West Street,Marlenfield,Minnesota,India
607,Lucia Bernier,ROLL1607,Albin_Runolfsson60@gmail.com,1-778-790-1527 x88046,Male,18,EEE,3,A,8.59,440 Peyton Rue,Yasminstad,Vermont,India
608,John Kreiger,ROLL1608,Madyson45@gmail.com,544-755-6456,Female,21,IT,2,B,5.44,6457 Purdy Centers,Pollichside,Alaska,India
609,Janet Connelly,ROLL1609,Mckenna80@hotmail.com,590-284-9438,Other,21,IT,3,C,6.88,6035 Daniel Ridges,Lakinmouth,California,India
610,Myron Terry-Towne,ROLL1610,Scot11@yahoo.com,528-951-4165 x7048,Male,18,CIVIL,4,B,7.03,60476 Bradtke Fort,Howellfurt,Tennessee,India
611,Amelia Mills IV,ROLL1611,Weston.Marks@hotmail.com,972.806.1143 x1436,Female,20,CSE,2,B,9.21,2817 Armstrong Views,East Guiseppe,Georgia,India
612,Andre Botsford,ROLL1612,Garrett87@hotmail.com,431-813-3825 x36094,Male,22,IT,2,A,6.02,82873 Nader Spur,Lake Chadrick,Kansas,India
613,Kara Ledner,ROLL1613,Claud_Doyle@hotmail.com,1-372-905-3246,Female,22,EEE,4,C,6.50,23077 The Willows,North Vita,Kentucky,India
614,Marjorie Sauer,ROLL1614,Marianne.Hirthe28@gmail.com,324-918-4424 x8957,Female,23,MECH,1,A,5.06,680 Cemetery Road,New Novellaton,Florida,India
615,Earnest Schowalter,ROLL1615,Khalid16@yahoo.com,775.491.2720 x447,Female,21,MECH,1,A,6.46,81563 O'Hara Light,Carleeland,Rhode Island,India
616,Rochelle Williamson,ROLL1616,Giovanna39@gmail.com,479.954.0803 x63352,Male,22,MECH,3,B,8.29,153 Carlos Gardens,East Rosemarie,Oklahoma,India
617,Minnie Waters,ROLL1617,Stan.Mohr@gmail.com,1-621-519-6503 x3505,Other,18,EEE,1,C,6.11,3601 MacGyver Haven,East Chelsea,South Carolina,India
618,Tommie Kreiger,ROLL1618,Jocelyn.Stracke@yahoo.com,622-749-5918,Male,19,EEE,3,A,5.46,6286 Ratke Island,Strackeside,California,India
619,Dr. Mark Harvey,ROLL1619,Kiarra91@hotmail.com,(371) 895-4064 x44578,Other,24,MECH,1,B,7.11,900 Angelica Valleys,Isacshire,Massachusetts,India
620,Maria Koepp PhD,ROLL1620,Kitty6@hotmail.com,1-370-350-4323 x048,Female,20,ECE,1,B,5.23,89833 Kohler Light,Cleveland Heights,Pennsylvania,India
621,Anne McLaughlin IV,ROLL1621,Grayce_Schaefer@yahoo.com,799-678-2446 x82835,Other,22,EEE,2,B,8.15,98044 Price Drive,Feestborough,Mississippi,India
622,Jeanne Stark,ROLL1622,Dallin.Conn@hotmail.com,880.480.2491 x4820,Male,25,CIVIL,4,C,6.37,67106 Cheyanne Rue,Velmafield,Connecticut,India
623,Stella Beier,ROLL1623,Kieran.Flatley@gmail.com,779.380.8248 x147,Male,21,CIVIL,3,B,8.87,305 W 4th Street,North Jermaine,Washington,India
624,Felix Grant,ROLL1624,Della61@yahoo.com,(837) 753-0821 x1666,Male,25,IT,1,D,7.76,83237 E Water Street,Port Freddyside,New Hampshire,India
625,Luis Wisoky,ROLL1625,Brice_Gislason22@hotmail.com,1-912-696-0796 x7848,Male,25,MECH,2,D,7.48,55892 Rachelle Estate,West Sacramento,Colorado,India
626,Randall Nicolas-Haag,ROLL1626,Alfonso.Hintz@yahoo.com,833.281.0668 x98044,Female,19,MECH,3,C,5.96,1309 Heath Trafficway,North Amaliahaven,New York,India
627,Arlene D'Amore-Dickinson,ROLL1627,Damion_Pollich99@hotmail.com,511.837.1809,Female,23,MECH,2,D,8.50,110 Conner Greens,Cooperside,Washington,India
628,Dr. Kirk Kris,ROLL1628,Coy_Franey@gmail.com,1-466-597-4202 x239,Female,18,CIVIL,1,A,6.05,7641 Manuel Lane,New Reillyborough,Nevada,India
629,Doreen Schinner DVM,ROLL1629,Gina.Hessel93@gmail.com,(970) 932-9759,Female,19,CIVIL,2,B,6.99,993 Clara Viaduct,Bessieworth,West Virginia,India
630,Ralph Monahan,ROLL1630,Letitia.Huel@hotmail.com,1-901-435-3275 x19083,Male,25,CSE,3,D,8.32,20922 Blanca Rapid,Maximillianside,Alabama,India
631,Donnie Kautzer,ROLL1631,Yasmin73@hotmail.com,1-946-688-7602 x81331,Other,18,ECE,1,D,7.87,490 Neva Flat,West Ethanberg,Idaho,India
632,Regina Reinger,ROLL1632,Nya_West@yahoo.com,918-617-4974 x1862,Female,24,EEE,4,A,7.18,984 Alisa Ville,New Jarrod,New Jersey,India
633,Sergio Thiel,ROLL1633,Erwin76@hotmail.com,1-642-800-4855 x9845,Male,21,CIVIL,2,A,8.28,190 Wyman Roads,Joeberg,Missouri,India
634,Gladys Ziemann,ROLL1634,Kattie88@yahoo.com,(827) 676-3914 x05715,Other,18,MECH,1,A,8.49,410 N Broadway Street,Gerlachshire,Wisconsin,India
635,Carlos Heller,ROLL1635,Loma_Jacobs54@yahoo.com,659.581.0471 x04196,Other,22,IT,4,C,6.63,55287 Ozella Way,West Hudson,Indiana,India
636,Matt Kihn,ROLL1636,Clemmie_Cummings97@yahoo.com,563-896-2837,Other,25,EEE,1,A,9.39,285 Hoppe Villages,Christiansenchester,Minnesota,India
637,Bernice Boehm,ROLL1637,Johnpaul_Oberbrunner82@gmail.com,377.588.3795 x626,Other,18,CIVIL,3,D,5.20,16745 Margaretta Mills,Fort Mavisfurt,Illinois,India
638,Mr. Virgil Walsh,ROLL1638,Santina_Gutmann@yahoo.com,1-875-298-1056 x99776,Female,21,EEE,1,D,6.38,870 Daugherty Shore,New Jodie,Nebraska,India
639,Cheryl Gislason-Sporer,ROLL1639,Maurice43@hotmail.com,319.962.7433,Male,21,CIVIL,1,C,7.89,825 Douglas Garden,Ovaport,California,India
640,Pat White,ROLL1640,Aimee89@gmail.com,579-878-9329 x8010,Male,20,CIVIL,1,D,6.86,944 Silas Route,St. Paul,California,India
641,Daisy Bogan,ROLL1641,Zelda.Monahan78@gmail.com,(814) 635-9537,Male,24,IT,2,B,6.19,74513 Funk Lane,Muellerport,New Jersey,India
642,Joy Reichert,ROLL1642,Fidel35@yahoo.com,875.456.7245 x8067,Female,24,CIVIL,2,D,8.49,27436 W Jefferson Street,Lawton,Michigan,India
643,Marco Cartwright,ROLL1643,Nils.Kling@gmail.com,332.218.7082,Female,22,EEE,4,A,7.29,22789 Goldner Ramp,New Tryciafield,Missouri,India
644,Sergio Olson,ROLL1644,Heber.Ernser@hotmail.com,435.907.0594 x576,Other,23,IT,3,C,7.40,581 Muller Passage,West Bradfordview,Texas,India
645,Mr. Bryan Dooley,ROLL1645,Urban.Bechtelar-MacGyver@hotmail.com,308.634.3140,Female,25,CIVIL,2,B,6.18,38222 Bartell Junction,West Colbymouth,Maryland,India
646,Sandy Ward,ROLL1646,Filomena_Wolf@hotmail.com,340.841.5920,Male,25,EEE,1,D,9.89,28629 Old Lane,Anitafort,Kansas,India
647,Debra Stoltenberg,ROLL1647,Genesis9@hotmail.com,(776) 217-5311 x930,Female,25,ECE,3,B,5.24,4589 The Copse,Fort Mauriceview,Massachusetts,India
648,Mr. Wendell Jaskolski,ROLL1648,Adelle21@hotmail.com,1-599-450-2058 x4458,Other,18,ECE,3,D,9.87,3468 Aimee Canyon,Freddystad,South Dakota,India
649,Abraham Nitzsche,ROLL1649,Jarrell.Will79@hotmail.com,912.546.5629,Other,23,IT,2,C,6.15,1083 Vicarage Lane,Fort Giuseppe,Pennsylvania,India
650,Dr. Woodrow Medhurst,ROLL1650,Annabell.Bernier-Trantow@yahoo.com,1-812-622-1344 x95333,Male,22,CIVIL,4,D,9.05,169 Thiel Route,Encinitas,Tennessee,India
651,Robin Ernser,ROLL1651,Burnice.Cremin@gmail.com,(833) 721-9790,Male,23,CSE,1,C,6.19,5017 N Park Street,Pollichport,Rhode Island,India
652,Denise Barton,ROLL1652,Brennan.Hayes@hotmail.com,839-356-9070,Female,23,CSE,2,B,5.87,4208 Buck Pine,McLaughlinport,Louisiana,India
653,Lindsay Watsica DDS,ROLL1653,June11@yahoo.com,408-868-4382 x696,Female,22,ECE,1,A,7.45,745 5th Street,Lake Roderickton,Maryland,India
654,Darin Gleason,ROLL1654,Ryley76@hotmail.com,(753) 412-8360,Male,24,EEE,3,C,9.32,402 Greenholt Station,East Darianfort,Minnesota,India
655,Freda Hayes,ROLL1655,Cale64@gmail.com,875.520.3254 x2894,Other,18,ECE,3,A,5.39,31038 Logan Points,New Jillian,West Virginia,India
656,Cory Crooks,ROLL1656,Bernadette45@gmail.com,348-711-9480 x645,Female,23,CIVIL,4,B,5.95,36689 Crona Hollow,New Geoffreyton,Rhode Island,India
657,Dr. Johnathan Gulgowski Jr.,ROLL1657,Gerald65@hotmail.com,929-865-8989 x994,Female,22,EEE,4,A,8.31,863 Payton Passage,Faefield,Massachusetts,India
658,Nick Hills,ROLL1658,Brain20@gmail.com,726.486.7140,Female,23,CIVIL,1,A,6.17,483 Gladyce Mills,Kianastad,Mississippi,India
659,Gustavo Willms,ROLL1659,Matt.Jacobi@hotmail.com,(220) 847-3364 x98530,Other,25,EEE,4,B,5.30,36743 Stamm Square,Mooreport,Massachusetts,India
660,Mrs. Tonya Streich,ROLL1660,Hilbert29@yahoo.com,1-559-260-0143 x3575,Other,22,IT,2,B,5.77,8757 Oleta Garden,Pearlinefurt,Nebraska,India
661,Garrett Roberts,ROLL1661,Myron.Rogahn80@gmail.com,(894) 447-1488 x704,Female,21,IT,2,D,8.00,2506 Emmerich Extension,Novaside,Rhode Island,India
662,Ms. Sylvia Streich,ROLL1662,Angelina.Cummerata@gmail.com,323-203-5129 x051,Other,18,ECE,2,A,9.26,58416 Ridge Road,South Estevan,Oregon,India
663,Dr. Charlie Becker,ROLL1663,Deja.Grimes@hotmail.com,296-726-4882 x362,Male,19,CSE,2,D,7.29,13192 Richmond Road,Nicoleside,Ohio,India
664,Vickie Dietrich,ROLL1664,Gregorio_Aufderhar@hotmail.com,450-985-6106 x4592,Other,25,ECE,2,C,7.77,66243 Dewayne Way,Port Ardenhaven,Connecticut,India
665,Dr. Shaun Skiles,ROLL1665,Jaleel.Wolf75@gmail.com,972.799.5030 x6666,Other,20,ECE,4,B,5.83,90467 Dicki Path,Minnetonka,Texas,India
666,Janice Wisozk,ROLL1666,Ezekiel.Koelpin@hotmail.com,(891) 999-9190 x11819,Other,21,IT,3,A,5.10,813 Barton Road,South Rodrickfort,Wyoming,India
667,Martha Medhurst,ROLL1667,Lance.McDermott-Metz13@hotmail.com,452-998-9781 x5725,Female,23,EEE,4,A,5.38,696 Albert Port,Hamilton,Georgia,India
668,Jacob Ziemann,ROLL1668,Cletus_Lindgren67@hotmail.com,338-361-4385,Male,18,CIVIL,1,D,5.09,1247 Griffin Trail,Carrollchester,Arizona,India
669,Austin Lemke IV,ROLL1669,Creola44@gmail.com,472.544.1710,Female,25,EEE,2,C,6.13,3423 Hillside Close,Devantehaven,Washington,India
670,Joseph Mueller,ROLL1670,Erica_Von@hotmail.com,1-603-326-5225 x1255,Female,19,CIVIL,3,B,7.01,121 Union Street,North Melliefurt,Idaho,India
671,Roman Koch,ROLL1671,Aliya.Barrows33@yahoo.com,1-250-890-3378,Male,21,ECE,3,C,8.55,651 Sadie Mountain,Cydneyport,Nevada,India
672,Genevieve Will,ROLL1672,Cade.VonRueden1@hotmail.com,982-807-4257 x5865,Other,25,EEE,4,B,5.14,750 Chestnut Drive,Alysafield,Colorado,India
673,Caroline Maggio,ROLL1673,Jorge1@gmail.com,1-836-407-2268 x621,Other,21,EEE,3,C,5.03,4790 Wilford Court,Abelfort,Michigan,India
674,Ben Barrows,ROLL1674,Jaylan.MacGyver77@yahoo.com,(696) 386-9363 x26808,Other,21,IT,3,A,8.99,7516 Nikolaus Inlet,East Jenniferstead,Alaska,India
675,Penny Blanda,ROLL1675,Samson5@yahoo.com,251.752.8535,Male,21,CSE,2,C,7.52,818 Wilfredo Valleys,Dale City,Vermont,India
676,Rosemary Corwin,ROLL1676,Alfonzo7@hotmail.com,301.346.4748 x04383,Female,20,EEE,3,D,6.98,885 The Poplars,Port Mariamtown,Maryland,India
677,Mr. Aaron Von,ROLL1677,Ashtyn_Herman42@hotmail.com,567.891.0914 x76293,Male,19,CIVIL,1,C,7.36,9865 Joana Forge,South Enochmouth,Louisiana,India
678,Sidney Keeling,ROLL1678,Alanna90@yahoo.com,558.829.7493 x5577,Male,23,ECE,1,B,7.80,77594 Pagac Streets,Bakersfield,New Mexico,India
679,Hugh Cole,ROLL1679,Kiana.Nicolas-Terry@hotmail.com,520.467.1723 x269,Male,24,MECH,1,A,9.98,90706 Isabella Wall,Maudeboro,Minnesota,India
680,Laura Halvorson,ROLL1680,Anais.Will@hotmail.com,264-765-7145 x884,Male,24,IT,3,B,7.25,4171 South Avenue,Kearny,Idaho,India
681,Kevin Spencer,ROLL1681,Annie.Hamill9@hotmail.com,(531) 846-3186 x281,Female,18,ECE,3,C,6.89,310 Ash Road,Batzmouth,West Virginia,India
682,Brittany Willms,ROLL1682,Annabell_Schaden@gmail.com,387-220-6663 x195,Male,25,CSE,4,D,8.95,5798 Dicki Isle,Keelyfort,Oklahoma,India
683,Dr. Jamie Howell,ROLL1683,Claude_Hegmann90@hotmail.com,673-964-1671 x042,Male,20,MECH,2,C,5.04,166 Reanna Spurs,Terre Haute,Oregon,India
684,Mr. Tyrone Terry,ROLL1684,Elvera41@yahoo.com,(431) 850-0627 x77420,Other,23,EEE,2,C,7.36,254 Renner Circle,Einoshire,Nebraska,India
685,Gloria Crona,ROLL1685,Zoe12@yahoo.com,241.508.7392,Female,20,MECH,4,C,9.12,63325 Princes Street,Danburgh,New Hampshire,India
686,Crystal Lueilwitz,ROLL1686,Titus_Anderson87@gmail.com,221.324.5412 x1208,Male,18,CSE,2,A,8.83,9209 Hillside Road,Turcotteshire,New Jersey,India
687,Priscilla O'Hara-Hickle,ROLL1687,Damion.Purdy@gmail.com,(327) 334-9539 x7879,Male,25,IT,4,C,6.71,5626 Dexter Viaduct,New Evanview,South Carolina,India
688,Mr. Keith Kuvalis,ROLL1688,Narciso.Nolan@yahoo.com,1-388-240-8948,Other,25,ECE,2,A,7.91,94258 Gerson Radial,North Lyda,Kansas,India
689,Doreen Veum,ROLL1689,Rory83@yahoo.com,840-556-3213 x705,Female,21,MECH,3,A,9.34,93570 Friesen Wells,South Robin,Tennessee,India
690,Kenny Collins Jr.,ROLL1690,Orland.Schneider@yahoo.com,814.391.3310 x361,Other,19,IT,1,D,9.66,23671 Hilma Knoll,Labadieside,North Dakota,India
691,Dr. Eric Wyman,ROLL1691,Gisselle76@gmail.com,(258) 865-2014 x4529,Other,22,MECH,1,A,5.14,405 Walsh Lakes,West Thomasstad,West Virginia,India
692,Dr. Brendan Crona,ROLL1692,Cathryn.OConner49@gmail.com,1-631-363-2692 x5242,Other,22,ECE,4,B,5.66,2056 Satterfield Corners,New Ramon,Virginia,India
693,Nicolas Schulist,ROLL1693,Thea_Johnson@gmail.com,1-887-793-5095 x9664,Other,20,EEE,1,D,5.44,321 Palma Fort,Lake Clifford,Illinois,India
694,Whitney Bernhard,ROLL1694,Ena11@gmail.com,417-759-1145 x397,Other,25,IT,2,A,9.28,439 Raven Wall,Lake Santa,Texas,India
695,Adrian Simonis,ROLL1695,Emerald.OConner@gmail.com,(551) 721-5095 x7474,Other,18,ECE,1,D,9.89,7539 Odell Ferry,Schmelerland,New York,India
696,Armando Hand-Hand,ROLL1696,Jeffery.Rogahn28@yahoo.com,1-727-205-7639,Male,23,MECH,4,D,5.21,7943 Klocko Flat,Bayerbury,Nevada,India
697,Miss Ellen Mertz,ROLL1697,Josephine92@hotmail.com,995.432.7190 x729,Other,19,EEE,2,A,6.09,416 Macejkovic Grove,Sincereburgh,New Hampshire,India
698,Ella Murazik,ROLL1698,Pablo_Altenwerth57@hotmail.com,(576) 999-2947 x90743,Other,23,CIVIL,3,A,5.22,2869 Maggio Avenue,Fort Joshua,Massachusetts,India
699,Ivan Gislason,ROLL1699,Damien20@gmail.com,261-818-0695,Male,25,IT,2,D,8.25,60402 Glover Lane,Hoffman Estates,Texas,India
700,Reginald Murazik,ROLL1700,Ashly_Bruen87@yahoo.com,1-931-900-1657 x27832,Female,20,MECH,2,B,5.99,2728 Jaren Trace,Indio,South Carolina,India